zone,spin_bin,velocity_bin,total_pitches,swings,whiffs,barrels,hard_hits,sweet_spots,gbs,lds,fbs,batted_count,avg_xwoba,avg_ev,avg_la,swing_pct,whiff_pct,barrel_pct,hard_hit_pct,sweet_spot_pct,gb_pct,ld_pct,fb_pct
1,<1800,70-75,0,0,0,0,0,0,0,0,0,0,,,,,0.0,0.0,0.0,0.0,0.0,0.0,0.0
1,<1800,75-80,9,6,1,0,1,2,2,1,1,4,0.013,65.64999999999999,20.25,66.7,16.7,0.0,25.0,50.0,50.0,25.0,25.0
1,<1800,80-85,242,146,20,3,25,32,51,20,46,117,0.2620204049621191,82.3017094017094,16.35042735042735,60.3,13.7,2.6,21.4,27.4,43.6,17.1,39.3
1,<1800,85-90,301,192,26,1,28,49,56,35,63,154,0.26217871046772284,79.73181818181818,18.071428571428573,63.8,13.5,0.6,18.2,31.8,36.4,22.7,40.9
1,<1800,90-95,46,32,6,1,8,9,9,7,6,22,0.3150220588235294,84.38636363636364,11.454545454545455,69.6,18.8,4.5,36.4,40.9,40.9,31.8,27.3
1,<1800,95+,1,1,0,0,0,1,0,1,0,1,,82.1,13.0,100.0,0.0,0.0,0.0,100.0,0.0,100.0,0.0
1,1800-2000,70-75,0,0,0,0,0,0,0,0,0,0,,,,,0.0,0.0,0.0,0.0,0.0,0.0,0.0
1,1800-2000,75-80,0,0,0,0,0,0,0,0,0,0,,,,,0.0,0.0,0.0,0.0,0.0,0.0,0.0
1,1800-2000,80-85,8,5,2,0,2,2,0,2,1,3,0.5978095238095239,96.63333333333333,34.333333333333336,62.5,40.0,0.0,66.7,66.7,0.0,66.7,33.3
1,1800-2000,85-90,9,4,1,0,2,1,1,1,1,3,0.23566666666666666,94.33333333333333,22.666666666666668,44.4,25.0,0.0,66.7,33.3,33.3,33.3,33.3
1,1800-2000,90-95,4,3,1,0,1,0,2,0,0,2,0.3255,96.1,-6.5,75.0,33.3,0.0,50.0,0.0,100.0,0.0,0.0
1,1800-2000,95+,1,1,0,0,0,1,0,1,0,1,,78.5,21.0,100.0,0.0,0.0,0.0,100.0,0.0,100.0,0.0
1,2000-2200,70-75,0,0,0,0,0,0,0,0,0,0,,,,,0.0,0.0,0.0,0.0,0.0,0.0,0.0
1,2000-2200,75-80,0,0,0,0,0,0,0,0,0,0,,,,,0.0,0.0,0.0,0.0,0.0,0.0,0.0
1,2000-2200,80-85,1,0,0,0,0,0,0,0,0,0,,,,0.0,0.0,0.0,0.0,0.0,0.0,0.0,0.0
1,2000-2200,85-90,6,4,0,0,3,2,2,1,1,4,0.40700000000000003,98.025,4.5,66.7,0.0,0.0,75.0,50.0,50.0,25.0,25.0
1,2000-2200,90-95,0,0,0,0,0,0,0,0,0,0,,,,,0.0,0.0,0.0,0.0,0.0,0.0,0.0
1,2000-2200,95+,0,0,0,0,0,0,0,0,0,0,,,,,0.0,0.0,0.0,0.0,0.0,0.0,0.0
1,2200-2400,70-75,0,0,0,0,0,0,0,0,0,0,,,,,0.0,0.0,0.0,0.0,0.0,0.0,0.0
1,2200-2400,75-80,0,0,0,0,0,0,0,0,0,0,,,,,0.0,0.0,0.0,0.0,0.0,0.0,0.0
1,2200-2400,80-85,1,1,0,0,1,0,1,0,0,1,0.466,99.1,2.0,100.0,0.0,0.0,100.0,0.0,100.0,0.0,0.0
1,2200-2400,85-90,2,2,1,0,0,0,1,0,0,1,0.28,91.1,0.0,100.0,50.0,0.0,0.0,0.0,100.0,0.0,0.0
1,2200-2400,90-95,0,0,0,0,0,0,0,0,0,0,,,,,0.0,0.0,0.0,0.0,0.0,0.0,0.0
1,2200-2400,95+,0,0,0,0,0,0,0,0,0,0,,,,,0.0,0.0,0.0,0.0,0.0,0.0,0.0
1,2400-2600,70-75,0,0,0,0,0,0,0,0,0,0,,,,,0.0,0.0,0.0,0.0,0.0,0.0,0.0
1,2400-2600,75-80,0,0,0,0,0,0,0,0,0,0,,,,,0.0,0.0,0.0,0.0,0.0,0.0,0.0
1,2400-2600,80-85,0,0,0,0,0,0,0,0,0,0,,,,,0.0,0.0,0.0,0.0,0.0,0.0,0.0
1,2400-2600,85-90,0,0,0,0,0,0,0,0,0,0,,,,,0.0,0.0,0.0,0.0,0.0,0.0,0.0
1,2400-2600,90-95,0,0,0,0,0,0,0,0,0,0,,,,,0.0,0.0,0.0,0.0,0.0,0.0,0.0
1,2400-2600,95+,0,0,0,0,0,0,0,0,0,0,,,,,0.0,0.0,0.0,0.0,0.0,0.0,0.0
1,2600-2800,70-75,0,0,0,0,0,0,0,0,0,0,,,,,0.0,0.0,0.0,0.0,0.0,0.0,0.0
1,2600-2800,75-80,0,0,0,0,0,0,0,0,0,0,,,,,0.0,0.0,0.0,0.0,0.0,0.0,0.0
1,2600-2800,80-85,0,0,0,0,0,0,0,0,0,0,,,,,0.0,0.0,0.0,0.0,0.0,0.0,0.0
1,2600-2800,85-90,0,0,0,0,0,0,0,0,0,0,,,,,0.0,0.0,0.0,0.0,0.0,0.0,0.0
1,2600-2800,90-95,0,0,0,0,0,0,0,0,0,0,,,,,0.0,0.0,0.0,0.0,0.0,0.0,0.0
1,2600-2800,95+,1,0,0,0,0,0,0,0,0,0,,,,0.0,0.0,0.0,0.0,0.0,0.0,0.0,0.0
1,2800-3000,70-75,0,0,0,0,0,0,0,0,0,0,,,,,0.0,0.0,0.0,0.0,0.0,0.0,0.0
1,2800-3000,75-80,0,0,0,0,0,0,0,0,0,0,,,,,0.0,0.0,0.0,0.0,0.0,0.0,0.0
1,2800-3000,80-85,0,0,0,0,0,0,0,0,0,0,,,,,0.0,0.0,0.0,0.0,0.0,0.0,0.0
1,2800-3000,85-90,0,0,0,0,0,0,0,0,0,0,,,,,0.0,0.0,0.0,0.0,0.0,0.0,0.0
1,2800-3000,90-95,0,0,0,0,0,0,0,0,0,0,,,,,0.0,0.0,0.0,0.0,0.0,0.0,0.0
1,2800-3000,95+,0,0,0,0,0,0,0,0,0,0,,,,,0.0,0.0,0.0,0.0,0.0,0.0,0.0
1,3000-3200,70-75,0,0,0,0,0,0,0,0,0,0,,,,,0.0,0.0,0.0,0.0,0.0,0.0,0.0
1,3000-3200,75-80,0,0,0,0,0,0,0,0,0,0,,,,,0.0,0.0,0.0,0.0,0.0,0.0,0.0
1,3000-3200,80-85,0,0,0,0,0,0,0,0,0,0,,,,,0.0,0.0,0.0,0.0,0.0,0.0,0.0
1,3000-3200,85-90,0,0,0,0,0,0,0,0,0,0,,,,,0.0,0.0,0.0,0.0,0.0,0.0,0.0
1,3000-3200,90-95,0,0,0,0,0,0,0,0,0,0,,,,,0.0,0.0,0.0,0.0,0.0,0.0,0.0
1,3000-3200,95+,0,0,0,0,0,0,0,0,0,0,,,,,0.0,0.0,0.0,0.0,0.0,0.0,0.0
1,3200+,70-75,0,0,0,0,0,0,0,0,0,0,,,,,0.0,0.0,0.0,0.0,0.0,0.0,0.0
1,3200+,75-80,0,0,0,0,0,0,0,0,0,0,,,,,0.0,0.0,0.0,0.0,0.0,0.0,0.0
1,3200+,80-85,0,0,0,0,0,0,0,0,0,0,,,,,0.0,0.0,0.0,0.0,0.0,0.0,0.0
1,3200+,85-90,0,0,0,0,0,0,0,0,0,0,,,,,0.0,0.0,0.0,0.0,0.0,0.0,0.0
1,3200+,90-95,0,0,0,0,0,0,0,0,0,0,,,,,0.0,0.0,0.0,0.0,0.0,0.0,0.0
1,3200+,95+,0,0,0,0,0,0,0,0,0,0,,,,,0.0,0.0,0.0,0.0,0.0,0.0,0.0
2,<1800,70-75,0,0,0,0,0,0,0,0,0,0,,,,,0.0,0.0,0.0,0.0,0.0,0.0,0.0
2,<1800,75-80,8,4,0,0,1,1,1,1,1,3,0.4493333333333333,87.2,32.0,50.0,0.0,0.0,33.3,33.3,33.3,33.3,33.3
2,<1800,80-85,171,102,14,2,29,30,24,16,43,83,0.3234441287343472,85.50963855421686,22.771084337349397,59.6,13.7,2.4,34.9,36.1,28.9,19.3,51.8
2,<1800,85-90,181,121,18,1,28,24,35,18,41,94,0.23031934386064823,84.09574468085107,20.680851063829788,66.9,14.9,1.1,29.8,25.5,37.2,19.1,43.6
2,<1800,90-95,45,34,2,1,12,6,15,3,12,30,0.3411427368927369,86.94333333333334,14.133333333333333,75.6,5.9,3.3,40.0,20.0,50.0,10.0,40.0
2,<1800,95+,2,2,0,0,1,1,1,1,0,2,0.549,85.8,-31.5,100.0,0.0,0.0,50.0,50.0,50.0,50.0,0.0
2,1800-2000,70-75,0,0,0,0,0,0,0,0,0,0,,,,,0.0,0.0,0.0,0.0,0.0,0.0,0.0
2,1800-2000,75-80,0,0,0,0,0,0,0,0,0,0,,,,,0.0,0.0,0.0,0.0,0.0,0.0,0.0
2,1800-2000,80-85,5,3,0,0,1,0,1,0,2,3,0.44746969696969696,93.16666666666667,34.0,60.0,0.0,0.0,33.3,0.0,33.3,0.0,66.7
2,1800-2000,85-90,8,4,0,0,1,1,1,1,2,4,0.6848333333333332,80.575,19.75,50.0,0.0,0.0,25.0,25.0,25.0,25.0,50.0
2,1800-2000,90-95,5,5,0,0,1,1,2,1,1,4,0.3782152777777778,86.725,-8.75,100.0,0.0,0.0,25.0,25.0,50.0,25.0,25.0
2,1800-2000,95+,0,0,0,0,0,0,0,0,0,0,,,,,0.0,0.0,0.0,0.0,0.0,0.0,0.0
2,2000-2200,70-75,0,0,0,0,0,0,0,0,0,0,,,,,0.0,0.0,0.0,0.0,0.0,0.0,0.0
2,2000-2200,75-80,0,0,0,0,0,0,0,0,0,0,,,,,0.0,0.0,0.0,0.0,0.0,0.0,0.0
2,2000-2200,80-85,0,0,0,0,0,0,0,0,0,0,,,,,0.0,0.0,0.0,0.0,0.0,0.0,0.0
2,2000-2200,85-90,3,1,0,0,0,0,1,0,0,1,0.14,44.5,-83.0,33.3,0.0,0.0,0.0,0.0,100.0,0.0,0.0
2,2000-2200,90-95,5,1,0,0,0,0,1,0,0,1,0.241,70.0,-68.0,20.0,0.0,0.0,0.0,0.0,100.0,0.0,0.0
2,2000-2200,95+,0,0,0,0,0,0,0,0,0,0,,,,,0.0,0.0,0.0,0.0,0.0,0.0,0.0
2,2200-2400,70-75,0,0,0,0,0,0,0,0,0,0,,,,,0.0,0.0,0.0,0.0,0.0,0.0,0.0
2,2200-2400,75-80,0,0,0,0,0,0,0,0,0,0,,,,,0.0,0.0,0.0,0.0,0.0,0.0,0.0
2,2200-2400,80-85,0,0,0,0,0,0,0,0,0,0,,,,,0.0,0.0,0.0,0.0,0.0,0.0,0.0
2,2200-2400,85-90,0,0,0,0,0,0,0,0,0,0,,,,,0.0,0.0,0.0,0.0,0.0,0.0,0.0
2,2200-2400,90-95,0,0,0,0,0,0,0,0,0,0,,,,,0.0,0.0,0.0,0.0,0.0,0.0,0.0
2,2200-2400,95+,0,0,0,0,0,0,0,0,0,0,,,,,0.0,0.0,0.0,0.0,0.0,0.0,0.0
2,2400-2600,70-75,0,0,0,0,0,0,0,0,0,0,,,,,0.0,0.0,0.0,0.0,0.0,0.0,0.0
2,2400-2600,75-80,0,0,0,0,0,0,0,0,0,0,,,,,0.0,0.0,0.0,0.0,0.0,0.0,0.0
2,2400-2600,80-85,1,1,0,0,0,0,1,0,0,1,,68.6,-34.0,100.0,0.0,0.0,0.0,0.0,100.0,0.0,0.0
2,2400-2600,85-90,1,0,0,0,0,0,0,0,0,0,,,,0.0,0.0,0.0,0.0,0.0,0.0,0.0,0.0
2,2400-2600,90-95,0,0,0,0,0,0,0,0,0,0,,,,,0.0,0.0,0.0,0.0,0.0,0.0,0.0
2,2400-2600,95+,0,0,0,0,0,0,0,0,0,0,,,,,0.0,0.0,0.0,0.0,0.0,0.0,0.0
2,2600-2800,70-75,0,0,0,0,0,0,0,0,0,0,,,,,0.0,0.0,0.0,0.0,0.0,0.0,0.0
2,2600-2800,75-80,0,0,0,0,0,0,0,0,0,0,,,,,0.0,0.0,0.0,0.0,0.0,0.0,0.0
2,2600-2800,80-85,0,0,0,0,0,0,0,0,0,0,,,,,0.0,0.0,0.0,0.0,0.0,0.0,0.0
2,2600-2800,85-90,0,0,0,0,0,0,0,0,0,0,,,,,0.0,0.0,0.0,0.0,0.0,0.0,0.0
2,2600-2800,90-95,0,0,0,0,0,0,0,0,0,0,,,,,0.0,0.0,0.0,0.0,0.0,0.0,0.0
2,2600-2800,95+,0,0,0,0,0,0,0,0,0,0,,,,,0.0,0.0,0.0,0.0,0.0,0.0,0.0
2,2800-3000,70-75,0,0,0,0,0,0,0,0,0,0,,,,,0.0,0.0,0.0,0.0,0.0,0.0,0.0
2,2800-3000,75-80,0,0,0,0,0,0,0,0,0,0,,,,,0.0,0.0,0.0,0.0,0.0,0.0,0.0
2,2800-3000,80-85,0,0,0,0,0,0,0,0,0,0,,,,,0.0,0.0,0.0,0.0,0.0,0.0,0.0
2,2800-3000,85-90,0,0,0,0,0,0,0,0,0,0,,,,,0.0,0.0,0.0,0.0,0.0,0.0,0.0
2,2800-3000,90-95,0,0,0,0,0,0,0,0,0,0,,,,,0.0,0.0,0.0,0.0,0.0,0.0,0.0
2,2800-3000,95+,0,0,0,0,0,0,0,0,0,0,,,,,0.0,0.0,0.0,0.0,0.0,0.0,0.0
2,3000-3200,70-75,0,0,0,0,0,0,0,0,0,0,,,,,0.0,0.0,0.0,0.0,0.0,0.0,0.0
2,3000-3200,75-80,0,0,0,0,0,0,0,0,0,0,,,,,0.0,0.0,0.0,0.0,0.0,0.0,0.0
2,3000-3200,80-85,0,0,0,0,0,0,0,0,0,0,,,,,0.0,0.0,0.0,0.0,0.0,0.0,0.0
2,3000-3200,85-90,0,0,0,0,0,0,0,0,0,0,,,,,0.0,0.0,0.0,0.0,0.0,0.0,0.0
2,3000-3200,90-95,0,0,0,0,0,0,0,0,0,0,,,,,0.0,0.0,0.0,0.0,0.0,0.0,0.0
2,3000-3200,95+,0,0,0,0,0,0,0,0,0,0,,,,,0.0,0.0,0.0,0.0,0.0,0.0,0.0
2,3200+,70-75,0,0,0,0,0,0,0,0,0,0,,,,,0.0,0.0,0.0,0.0,0.0,0.0,0.0
2,3200+,75-80,0,0,0,0,0,0,0,0,0,0,,,,,0.0,0.0,0.0,0.0,0.0,0.0,0.0
2,3200+,80-85,0,0,0,0,0,0,0,0,0,0,,,,,0.0,0.0,0.0,0.0,0.0,0.0,0.0
2,3200+,85-90,0,0,0,0,0,0,0,0,0,0,,,,,0.0,0.0,0.0,0.0,0.0,0.0,0.0
2,3200+,90-95,0,0,0,0,0,0,0,0,0,0,,,,,0.0,0.0,0.0,0.0,0.0,0.0,0.0
2,3200+,95+,0,0,0,0,0,0,0,0,0,0,,,,,0.0,0.0,0.0,0.0,0.0,0.0,0.0
3,<1800,70-75,0,0,0,0,0,0,0,0,0,0,,,,,0.0,0.0,0.0,0.0,0.0,0.0,0.0
3,<1800,75-80,5,2,1,0,0,0,0,0,0,0,0.0,,,40.0,50.0,0.0,0.0,0.0,0.0,0.0,0.0
3,<1800,80-85,81,37,7,2,7,10,8,6,13,27,0.17708990476190478,82.95925925925927,21.74074074074074,45.7,18.9,7.4,25.9,37.0,29.6,22.2,48.1
3,<1800,85-90,64,31,5,0,6,9,9,6,8,23,0.23685284280936456,82.99565217391304,19.0,48.4,16.1,0.0,26.1,39.1,39.1,26.1,34.8
3,<1800,90-95,18,5,1,0,1,1,2,1,1,4,0.237141375,81.8,-13.25,27.8,20.0,0.0,25.0,25.0,50.0,25.0,25.0
3,<1800,95+,0,0,0,0,0,0,0,0,0,0,,,,,0.0,0.0,0.0,0.0,0.0,0.0,0.0
3,1800-2000,70-75,0,0,0,0,0,0,0,0,0,0,,,,,0.0,0.0,0.0,0.0,0.0,0.0,0.0
3,1800-2000,75-80,0,0,0,0,0,0,0,0,0,0,,,,,0.0,0.0,0.0,0.0,0.0,0.0,0.0
3,1800-2000,80-85,3,0,0,0,0,0,0,0,0,0,0.691717,,,0.0,0.0,0.0,0.0,0.0,0.0,0.0,0.0
3,1800-2000,85-90,4,3,1,0,1,1,0,1,1,2,0.45,83.65,25.0,75.0,33.3,0.0,50.0,50.0,0.0,50.0,50.0
3,1800-2000,90-95,2,0,0,0,0,0,0,0,0,0,0.0,,,0.0,0.0,0.0,0.0,0.0,0.0,0.0,0.0
3,1800-2000,95+,0,0,0,0,0,0,0,0,0,0,,,,,0.0,0.0,0.0,0.0,0.0,0.0,0.0
3,2000-2200,70-75,0,0,0,0,0,0,0,0,0,0,,,,,0.0,0.0,0.0,0.0,0.0,0.0,0.0
3,2000-2200,75-80,0,0,0,0,0,0,0,0,0,0,,,,,0.0,0.0,0.0,0.0,0.0,0.0,0.0
3,2000-2200,80-85,0,0,0,0,0,0,0,0,0,0,,,,,0.0,0.0,0.0,0.0,0.0,0.0,0.0
3,2000-2200,85-90,3,0,0,0,0,0,0,0,0,0,,,,0.0,0.0,0.0,0.0,0.0,0.0,0.0,0.0
3,2000-2200,90-95,3,0,0,0,0,0,0,0,0,0,0.0,,,0.0,0.0,0.0,0.0,0.0,0.0,0.0,0.0
3,2000-2200,95+,0,0,0,0,0,0,0,0,0,0,,,,,0.0,0.0,0.0,0.0,0.0,0.0,0.0
3,2200-2400,70-75,0,0,0,0,0,0,0,0,0,0,,,,,0.0,0.0,0.0,0.0,0.0,0.0,0.0
3,2200-2400,75-80,0,0,0,0,0,0,0,0,0,0,,,,,0.0,0.0,0.0,0.0,0.0,0.0,0.0
3,2200-2400,80-85,1,1,0,0,0,0,0,0,1,1,0.01,87.9,54.0,100.0,0.0,0.0,0.0,0.0,0.0,0.0,100.0
3,2200-2400,85-90,1,0,0,0,0,0,0,0,0,0,,,,0.0,0.0,0.0,0.0,0.0,0.0,0.0,0.0
3,2200-2400,90-95,0,0,0,0,0,0,0,0,0,0,,,,,0.0,0.0,0.0,0.0,0.0,0.0,0.0
3,2200-2400,95+,0,0,0,0,0,0,0,0,0,0,,,,,0.0,0.0,0.0,0.0,0.0,0.0,0.0
3,2400-2600,70-75,0,0,0,0,0,0,0,0,0,0,,,,,0.0,0.0,0.0,0.0,0.0,0.0,0.0
3,2400-2600,75-80,0,0,0,0,0,0,0,0,0,0,,,,,0.0,0.0,0.0,0.0,0.0,0.0,0.0
3,2400-2600,80-85,0,0,0,0,0,0,0,0,0,0,,,,,0.0,0.0,0.0,0.0,0.0,0.0,0.0
3,2400-2600,85-90,0,0,0,0,0,0,0,0,0,0,,,,,0.0,0.0,0.0,0.0,0.0,0.0,0.0
3,2400-2600,90-95,1,0,0,0,0,0,0,0,0,0,0.688744,,,0.0,0.0,0.0,0.0,0.0,0.0,0.0,0.0
3,2400-2600,95+,0,0,0,0,0,0,0,0,0,0,,,,,0.0,0.0,0.0,0.0,0.0,0.0,0.0
3,2600-2800,70-75,0,0,0,0,0,0,0,0,0,0,,,,,0.0,0.0,0.0,0.0,0.0,0.0,0.0
3,2600-2800,75-80,0,0,0,0,0,0,0,0,0,0,,,,,0.0,0.0,0.0,0.0,0.0,0.0,0.0
3,2600-2800,80-85,0,0,0,0,0,0,0,0,0,0,,,,,0.0,0.0,0.0,0.0,0.0,0.0,0.0
3,2600-2800,85-90,0,0,0,0,0,0,0,0,0,0,,,,,0.0,0.0,0.0,0.0,0.0,0.0,0.0
3,2600-2800,90-95,0,0,0,0,0,0,0,0,0,0,,,,,0.0,0.0,0.0,0.0,0.0,0.0,0.0
3,2600-2800,95+,0,0,0,0,0,0,0,0,0,0,,,,,0.0,0.0,0.0,0.0,0.0,0.0,0.0
3,2800-3000,70-75,0,0,0,0,0,0,0,0,0,0,,,,,0.0,0.0,0.0,0.0,0.0,0.0,0.0
3,2800-3000,75-80,0,0,0,0,0,0,0,0,0,0,,,,,0.0,0.0,0.0,0.0,0.0,0.0,0.0
3,2800-3000,80-85,0,0,0,0,0,0,0,0,0,0,,,,,0.0,0.0,0.0,0.0,0.0,0.0,0.0
3,2800-3000,85-90,0,0,0,0,0,0,0,0,0,0,,,,,0.0,0.0,0.0,0.0,0.0,0.0,0.0
3,2800-3000,90-95,0,0,0,0,0,0,0,0,0,0,,,,,0.0,0.0,0.0,0.0,0.0,0.0,0.0
3,2800-3000,95+,0,0,0,0,0,0,0,0,0,0,,,,,0.0,0.0,0.0,0.0,0.0,0.0,0.0
3,3000-3200,70-75,0,0,0,0,0,0,0,0,0,0,,,,,0.0,0.0,0.0,0.0,0.0,0.0,0.0
3,3000-3200,75-80,0,0,0,0,0,0,0,0,0,0,,,,,0.0,0.0,0.0,0.0,0.0,0.0,0.0
3,3000-3200,80-85,0,0,0,0,0,0,0,0,0,0,,,,,0.0,0.0,0.0,0.0,0.0,0.0,0.0
3,3000-3200,85-90,0,0,0,0,0,0,0,0,0,0,,,,,0.0,0.0,0.0,0.0,0.0,0.0,0.0
3,3000-3200,90-95,0,0,0,0,0,0,0,0,0,0,,,,,0.0,0.0,0.0,0.0,0.0,0.0,0.0
3,3000-3200,95+,0,0,0,0,0,0,0,0,0,0,,,,,0.0,0.0,0.0,0.0,0.0,0.0,0.0
3,3200+,70-75,0,0,0,0,0,0,0,0,0,0,,,,,0.0,0.0,0.0,0.0,0.0,0.0,0.0
3,3200+,75-80,0,0,0,0,0,0,0,0,0,0,,,,,0.0,0.0,0.0,0.0,0.0,0.0,0.0
3,3200+,80-85,0,0,0,0,0,0,0,0,0,0,,,,,0.0,0.0,0.0,0.0,0.0,0.0,0.0
3,3200+,85-90,1,1,0,0,0,0,1,0,0,1,0.234,89.6,-2.0,100.0,0.0,0.0,0.0,0.0,100.0,0.0,0.0
3,3200+,90-95,0,0,0,0,0,0,0,0,0,0,,,,,0.0,0.0,0.0,0.0,0.0,0.0,0.0
3,3200+,95+,0,0,0,0,0,0,0,0,0,0,,,,,0.0,0.0,0.0,0.0,0.0,0.0,0.0
4,<1800,70-75,0,0,0,0,0,0,0,0,0,0,,,,,0.0,0.0,0.0,0.0,0.0,0.0,0.0
4,<1800,75-80,12,10,2,0,2,1,3,1,2,6,0.167,77.55,6.5,83.3,20.0,0.0,33.3,16.7,50.0,16.7,33.3
4,<1800,80-85,505,422,51,8,106,97,156,60,128,344,0.3468547927714783,84.15726744186045,12.848837209302326,83.6,12.1,2.3,30.8,28.2,45.3,17.4,37.2
4,<1800,85-90,767,684,62,9,188,159,302,123,158,581,0.3321089389111638,85.41359724612737,7.283018867924528,89.2,9.1,1.5,32.4,27.4,52.0,21.2,27.2
4,<1800,90-95,178,152,17,4,46,31,79,20,24,123,0.3595595682396171,86.70325203252033,-0.5609756097560976,85.4,11.2,3.3,37.4,25.2,64.2,16.3,19.5
4,<1800,95+,8,6,1,0,4,2,3,2,0,4,0.754757852077001,104.2,-5.4,75.0,16.7,0.0,100.0,50.0,75.0,50.0,0.0
4,1800-2000,70-75,0,0,0,0,0,0,0,0,0,0,,,,,0.0,0.0,0.0,0.0,0.0,0.0,0.0
4,1800-2000,75-80,0,0,0,0,0,0,0,0,0,0,,,,,0.0,0.0,0.0,0.0,0.0,0.0,0.0
4,1800-2000,80-85,20,18,3,0,2,2,7,2,3,12,0.3337179487179488,75.85000000000001,-0.08333333333333333,90.0,16.7,0.0,16.7,16.7,58.3,16.7,25.0
4,1800-2000,85-90,40,38,4,0,9,4,14,4,11,29,0.26392499999999997,84.45172413793104,11.172413793103448,95.0,10.5,0.0,31.0,13.8,48.3,13.8,37.9
4,1800-2000,90-95,23,17,0,0,5,2,14,0,2,16,0.2547142857142857,83.6375,-11.5625,73.9,0.0,0.0,31.2,12.5,87.5,0.0,12.5
4,1800-2000,95+,2,2,0,0,1,0,1,0,1,2,0.009,90.8,18.0,100.0,0.0,0.0,50.0,0.0,50.0,0.0,50.0
4,2000-2200,70-75,0,0,0,0,0,0,0,0,0,0,,,,,0.0,0.0,0.0,0.0,0.0,0.0,0.0
4,2000-2200,75-80,0,0,0,0,0,0,0,0,0,0,,,,,0.0,0.0,0.0,0.0,0.0,0.0,0.0
4,2000-2200,80-85,2,2,0,0,0,0,1,0,1,2,0.029,88.15,1.0,100.0,0.0,0.0,0.0,0.0,50.0,0.0,50.0
4,2000-2200,85-90,15,12,1,1,5,3,7,2,2,11,0.32701428571428576,89.19090909090909,0.18181818181818182,80.0,8.3,9.1,45.5,27.3,63.6,18.2,18.2
4,2000-2200,90-95,4,3,0,0,1,0,2,0,1,3,0.1785,81.66666666666667,2.6666666666666665,75.0,0.0,0.0,33.3,0.0,66.7,0.0,33.3
4,2000-2200,95+,0,0,0,0,0,0,0,0,0,0,,,,,0.0,0.0,0.0,0.0,0.0,0.0,0.0
4,2200-2400,70-75,0,0,0,0,0,0,0,0,0,0,,,,,0.0,0.0,0.0,0.0,0.0,0.0,0.0
4,2200-2400,75-80,0,0,0,0,0,0,0,0,0,0,,,,,0.0,0.0,0.0,0.0,0.0,0.0,0.0
4,2200-2400,80-85,1,1,0,0,0,0,0,0,1,1,,71.2,80.0,100.0,0.0,0.0,0.0,0.0,0.0,0.0,100.0
4,2200-2400,85-90,6,6,1,0,1,1,1,0,4,5,0.5518,76.62,37.6,100.0,16.7,0.0,20.0,20.0,20.0,0.0,80.0
4,2200-2400,90-95,0,0,0,0,0,0,0,0,0,0,,,,,0.0,0.0,0.0,0.0,0.0,0.0,0.0
4,2200-2400,95+,0,0,0,0,0,0,0,0,0,0,,,,,0.0,0.0,0.0,0.0,0.0,0.0,0.0
4,2400-2600,70-75,0,0,0,0,0,0,0,0,0,0,,,,,0.0,0.0,0.0,0.0,0.0,0.0,0.0
4,2400-2600,75-80,0,0,0,0,0,0,0,0,0,0,,,,,0.0,0.0,0.0,0.0,0.0,0.0,0.0
4,2400-2600,80-85,0,0,0,0,0,0,0,0,0,0,,,,,0.0,0.0,0.0,0.0,0.0,0.0,0.0
4,2400-2600,85-90,1,0,0,0,0,0,0,0,0,0,,,,0.0,0.0,0.0,0.0,0.0,0.0,0.0,0.0
4,2400-2600,90-95,1,1,0,0,0,1,0,1,0,1,0.197,90.5,22.0,100.0,0.0,0.0,0.0,100.0,0.0,100.0,0.0
4,2400-2600,95+,0,0,0,0,0,0,0,0,0,0,,,,,0.0,0.0,0.0,0.0,0.0,0.0,0.0
4,2600-2800,70-75,0,0,0,0,0,0,0,0,0,0,,,,,0.0,0.0,0.0,0.0,0.0,0.0,0.0
4,2600-2800,75-80,0,0,0,0,0,0,0,0,0,0,,,,,0.0,0.0,0.0,0.0,0.0,0.0,0.0
4,2600-2800,80-85,1,1,0,0,0,0,0,0,1,1,0.031,88.2,33.0,100.0,0.0,0.0,0.0,0.0,0.0,0.0,100.0
4,2600-2800,85-90,0,0,0,0,0,0,0,0,0,0,,,,,0.0,0.0,0.0,0.0,0.0,0.0,0.0
4,2600-2800,90-95,0,0,0,0,0,0,0,0,0,0,,,,,0.0,0.0,0.0,0.0,0.0,0.0,0.0
4,2600-2800,95+,0,0,0,0,0,0,0,0,0,0,,,,,0.0,0.0,0.0,0.0,0.0,0.0,0.0
4,2800-3000,70-75,0,0,0,0,0,0,0,0,0,0,,,,,0.0,0.0,0.0,0.0,0.0,0.0,0.0
4,2800-3000,75-80,0,0,0,0,0,0,0,0,0,0,,,,,0.0,0.0,0.0,0.0,0.0,0.0,0.0
4,2800-3000,80-85,0,0,0,0,0,0,0,0,0,0,,,,,0.0,0.0,0.0,0.0,0.0,0.0,0.0
4,2800-3000,85-90,0,0,0,0,0,0,0,0,0,0,,,,,0.0,0.0,0.0,0.0,0.0,0.0,0.0
4,2800-3000,90-95,0,0,0,0,0,0,0,0,0,0,,,,,0.0,0.0,0.0,0.0,0.0,0.0,0.0
4,2800-3000,95+,0,0,0,0,0,0,0,0,0,0,,,,,0.0,0.0,0.0,0.0,0.0,0.0,0.0
4,3000-3200,70-75,0,0,0,0,0,0,0,0,0,0,,,,,0.0,0.0,0.0,0.0,0.0,0.0,0.0
4,3000-3200,75-80,0,0,0,0,0,0,0,0,0,0,,,,,0.0,0.0,0.0,0.0,0.0,0.0,0.0
4,3000-3200,80-85,0,0,0,0,0,0,0,0,0,0,,,,,0.0,0.0,0.0,0.0,0.0,0.0,0.0
4,3000-3200,85-90,0,0,0,0,0,0,0,0,0,0,,,,,0.0,0.0,0.0,0.0,0.0,0.0,0.0
4,3000-3200,90-95,0,0,0,0,0,0,0,0,0,0,,,,,0.0,0.0,0.0,0.0,0.0,0.0,0.0
4,3000-3200,95+,0,0,0,0,0,0,0,0,0,0,,,,,0.0,0.0,0.0,0.0,0.0,0.0,0.0
4,3200+,70-75,0,0,0,0,0,0,0,0,0,0,,,,,0.0,0.0,0.0,0.0,0.0,0.0,0.0
4,3200+,75-80,0,0,0,0,0,0,0,0,0,0,,,,,0.0,0.0,0.0,0.0,0.0,0.0,0.0
4,3200+,80-85,0,0,0,0,0,0,0,0,0,0,,,,,0.0,0.0,0.0,0.0,0.0,0.0,0.0
4,3200+,85-90,0,0,0,0,0,0,0,0,0,0,,,,,0.0,0.0,0.0,0.0,0.0,0.0,0.0
4,3200+,90-95,0,0,0,0,0,0,0,0,0,0,,,,,0.0,0.0,0.0,0.0,0.0,0.0,0.0
4,3200+,95+,0,0,0,0,0,0,0,0,0,0,,,,,0.0,0.0,0.0,0.0,0.0,0.0,0.0
5,<1800,70-75,0,0,0,0,0,0,0,0,0,0,,,,,0.0,0.0,0.0,0.0,0.0,0.0,0.0
5,<1800,75-80,28,22,5,0,8,4,7,3,6,16,0.4066666666666667,82.0875,12.125,78.6,22.7,0.0,50.0,25.0,43.8,18.8,37.5
5,<1800,80-85,469,392,63,7,92,84,128,54,132,314,0.3264607167740204,84.02738853503185,16.955414012738853,83.6,16.1,2.2,29.3,26.8,40.8,17.2,42.0
5,<1800,85-90,571,520,78,5,151,101,203,68,140,410,0.36557037008996385,86.52073170731707,10.24330900243309,91.1,15.0,1.2,36.8,24.6,49.5,16.6,34.1
5,<1800,90-95,115,98,15,1,25,14,47,9,16,72,0.3643546187542221,86.63611111111112,-1.3194444444444444,85.2,15.3,1.4,34.7,19.4,65.3,12.5,22.2
5,<1800,95+,8,4,0,0,1,0,4,0,0,4,0.14150000000000001,89.25,-22.5,50.0,0.0,0.0,25.0,0.0,100.0,0.0,0.0
5,1800-2000,70-75,0,0,0,0,0,0,0,0,0,0,,,,,0.0,0.0,0.0,0.0,0.0,0.0,0.0
5,1800-2000,75-80,0,0,0,0,0,0,0,0,0,0,,,,,0.0,0.0,0.0,0.0,0.0,0.0,0.0
5,1800-2000,80-85,15,14,5,0,4,3,4,2,3,9,0.4888957948717948,87.45555555555556,-0.5555555555555556,93.3,35.7,0.0,44.4,33.3,44.4,22.2,33.3
5,1800-2000,85-90,31,29,6,0,7,2,14,2,6,22,0.36923923444976076,84.39999999999999,5.863636363636363,93.5,20.7,0.0,31.8,9.1,63.6,9.1,27.3
5,1800-2000,90-95,18,16,3,1,6,6,7,2,4,13,0.516866920842411,90.82307692307693,5.769230769230769,88.9,18.8,7.7,46.2,46.2,53.8,15.4,30.8
5,1800-2000,95+,4,3,1,0,1,0,2,0,0,2,0.313,99.55,-4.5,75.0,33.3,0.0,50.0,0.0,100.0,0.0,0.0
5,2000-2200,70-75,0,0,0,0,0,0,0,0,0,0,,,,,0.0,0.0,0.0,0.0,0.0,0.0,0.0
5,2000-2200,75-80,0,0,0,0,0,0,0,0,0,0,,,,,0.0,0.0,0.0,0.0,0.0,0.0,0.0
5,2000-2200,80-85,4,3,2,0,0,0,1,0,0,1,,65.1,-35.0,75.0,66.7,0.0,0.0,0.0,100.0,0.0,0.0
5,2000-2200,85-90,18,13,1,0,5,3,4,3,3,10,0.25967768595041324,88.3,20.7,72.2,7.7,0.0,50.0,30.0,40.0,30.0,30.0
5,2000-2200,90-95,3,3,0,0,1,0,2,0,1,3,0.283,90.96666666666665,-8.666666666666666,100.0,0.0,0.0,33.3,0.0,66.7,0.0,33.3
5,2000-2200,95+,0,0,0,0,0,0,0,0,0,0,,,,,0.0,0.0,0.0,0.0,0.0,0.0,0.0
5,2200-2400,70-75,0,0,0,0,0,0,0,0,0,0,,,,,0.0,0.0,0.0,0.0,0.0,0.0,0.0
5,2200-2400,75-80,1,0,0,0,0,0,0,0,0,0,,,,0.0,0.0,0.0,0.0,0.0,0.0,0.0,0.0
5,2200-2400,80-85,0,0,0,0,0,0,0,0,0,0,,,,,0.0,0.0,0.0,0.0,0.0,0.0,0.0
5,2200-2400,85-90,3,2,1,0,0,0,1,0,0,1,0.149,88.4,-10.0,66.7,50.0,0.0,0.0,0.0,100.0,0.0,0.0
5,2200-2400,90-95,1,1,0,0,1,1,0,0,1,1,1.4787142857142852,103.9,31.0,100.0,0.0,0.0,100.0,100.0,0.0,0.0,100.0
5,2200-2400,95+,0,0,0,0,0,0,0,0,0,0,,,,,0.0,0.0,0.0,0.0,0.0,0.0,0.0
5,2400-2600,70-75,0,0,0,0,0,0,0,0,0,0,,,,,0.0,0.0,0.0,0.0,0.0,0.0,0.0
5,2400-2600,75-80,0,0,0,0,0,0,0,0,0,0,,,,,0.0,0.0,0.0,0.0,0.0,0.0,0.0
5,2400-2600,80-85,0,0,0,0,0,0,0,0,0,0,,,,,0.0,0.0,0.0,0.0,0.0,0.0,0.0
5,2400-2600,85-90,0,0,0,0,0,0,0,0,0,0,,,,,0.0,0.0,0.0,0.0,0.0,0.0,0.0
5,2400-2600,90-95,0,0,0,0,0,0,0,0,0,0,,,,,0.0,0.0,0.0,0.0,0.0,0.0,0.0
5,2400-2600,95+,1,1,0,0,1,1,0,1,0,1,0.524,95.2,17.0,100.0,0.0,0.0,100.0,100.0,0.0,100.0,0.0
5,2600-2800,70-75,0,0,0,0,0,0,0,0,0,0,,,,,0.0,0.0,0.0,0.0,0.0,0.0,0.0
5,2600-2800,75-80,0,0,0,0,0,0,0,0,0,0,,,,,0.0,0.0,0.0,0.0,0.0,0.0,0.0
5,2600-2800,80-85,0,0,0,0,0,0,0,0,0,0,,,,,0.0,0.0,0.0,0.0,0.0,0.0,0.0
5,2600-2800,85-90,1,1,0,0,0,0,0,0,0,0,,,,100.0,0.0,0.0,0.0,0.0,0.0,0.0,0.0
5,2600-2800,90-95,0,0,0,0,0,0,0,0,0,0,,,,,0.0,0.0,0.0,0.0,0.0,0.0,0.0
5,2600-2800,95+,0,0,0,0,0,0,0,0,0,0,,,,,0.0,0.0,0.0,0.0,0.0,0.0,0.0
5,2800-3000,70-75,0,0,0,0,0,0,0,0,0,0,,,,,0.0,0.0,0.0,0.0,0.0,0.0,0.0
5,2800-3000,75-80,0,0,0,0,0,0,0,0,0,0,,,,,0.0,0.0,0.0,0.0,0.0,0.0,0.0
5,2800-3000,80-85,0,0,0,0,0,0,0,0,0,0,,,,,0.0,0.0,0.0,0.0,0.0,0.0,0.0
5,2800-3000,85-90,0,0,0,0,0,0,0,0,0,0,,,,,0.0,0.0,0.0,0.0,0.0,0.0,0.0
5,2800-3000,90-95,0,0,0,0,0,0,0,0,0,0,,,,,0.0,0.0,0.0,0.0,0.0,0.0,0.0
5,2800-3000,95+,0,0,0,0,0,0,0,0,0,0,,,,,0.0,0.0,0.0,0.0,0.0,0.0,0.0
5,3000-3200,70-75,0,0,0,0,0,0,0,0,0,0,,,,,0.0,0.0,0.0,0.0,0.0,0.0,0.0
5,3000-3200,75-80,0,0,0,0,0,0,0,0,0,0,,,,,0.0,0.0,0.0,0.0,0.0,0.0,0.0
5,3000-3200,80-85,0,0,0,0,0,0,0,0,0,0,,,,,0.0,0.0,0.0,0.0,0.0,0.0,0.0
5,3000-3200,85-90,0,0,0,0,0,0,0,0,0,0,,,,,0.0,0.0,0.0,0.0,0.0,0.0,0.0
5,3000-3200,90-95,0,0,0,0,0,0,0,0,0,0,,,,,0.0,0.0,0.0,0.0,0.0,0.0,0.0
5,3000-3200,95+,0,0,0,0,0,0,0,0,0,0,,,,,0.0,0.0,0.0,0.0,0.0,0.0,0.0
5,3200+,70-75,0,0,0,0,0,0,0,0,0,0,,,,,0.0,0.0,0.0,0.0,0.0,0.0,0.0
5,3200+,75-80,0,0,0,0,0,0,0,0,0,0,,,,,0.0,0.0,0.0,0.0,0.0,0.0,0.0
5,3200+,80-85,0,0,0,0,0,0,0,0,0,0,,,,,0.0,0.0,0.0,0.0,0.0,0.0,0.0
5,3200+,85-90,0,0,0,0,0,0,0,0,0,0,,,,,0.0,0.0,0.0,0.0,0.0,0.0,0.0
5,3200+,90-95,0,0,0,0,0,0,0,0,0,0,,,,,0.0,0.0,0.0,0.0,0.0,0.0,0.0
5,3200+,95+,0,0,0,0,0,0,0,0,0,0,,,,,0.0,0.0,0.0,0.0,0.0,0.0,0.0
6,<1800,70-75,0,0,0,0,0,0,0,0,0,0,,,,,0.0,0.0,0.0,0.0,0.0,0.0,0.0
6,<1800,75-80,10,8,2,0,0,2,3,1,2,6,0.403,65.05,-0.16666666666666666,80.0,25.0,0.0,0.0,33.3,50.0,16.7,33.3
6,<1800,80-85,228,171,43,1,26,29,58,19,41,117,0.23303130401653793,82.87606837606837,10.94915254237288,75.0,25.1,0.9,22.2,24.8,49.6,16.2,35.0
6,<1800,85-90,272,203,29,4,44,55,67,35,61,163,0.28720772317972554,83.03803680981595,10.417177914110429,74.6,14.3,2.5,27.0,33.7,41.1,21.5,37.4
6,<1800,90-95,53,36,6,0,7,7,10,6,8,24,0.18131999999999998,85.00416666666666,7.5,67.9,16.7,0.0,29.2,29.2,41.7,25.0,33.3
6,<1800,95+,2,2,0,0,1,1,1,1,0,2,0.346,78.65,-19.0,100.0,0.0,0.0,50.0,50.0,50.0,50.0,0.0
6,1800-2000,70-75,0,0,0,0,0,0,0,0,0,0,,,,,0.0,0.0,0.0,0.0,0.0,0.0,0.0
6,1800-2000,75-80,0,0,0,0,0,0,0,0,0,0,,,,,0.0,0.0,0.0,0.0,0.0,0.0,0.0
6,1800-2000,80-85,6,4,0,0,1,1,1,1,2,4,0.34600000000000003,81.0,21.25,66.7,0.0,0.0,25.0,25.0,25.0,25.0,50.0
6,1800-2000,85-90,21,12,3,0,1,2,4,1,2,7,0.189625,82.42857142857143,15.714285714285714,57.1,25.0,0.0,14.3,28.6,57.1,14.3,28.6
6,1800-2000,90-95,7,4,1,0,0,1,2,0,1,3,0.439,74.53333333333335,-28.666666666666668,57.1,25.0,0.0,0.0,33.3,66.7,0.0,33.3
6,1800-2000,95+,1,1,0,0,0,0,0,0,1,1,0.012,93.8,43.0,100.0,0.0,0.0,0.0,0.0,0.0,0.0,100.0
6,2000-2200,70-75,0,0,0,0,0,0,0,0,0,0,,,,,0.0,0.0,0.0,0.0,0.0,0.0,0.0
6,2000-2200,75-80,0,0,0,0,0,0,0,0,0,0,,,,,0.0,0.0,0.0,0.0,0.0,0.0,0.0
6,2000-2200,80-85,4,4,1,0,0,0,0,0,2,2,0.005,74.0,61.5,100.0,25.0,0.0,0.0,0.0,0.0,0.0,100.0
6,2000-2200,85-90,2,0,0,0,0,0,0,0,0,0,,,,0.0,0.0,0.0,0.0,0.0,0.0,0.0,0.0
6,2000-2200,90-95,5,2,1,0,1,0,1,0,0,1,0.2265,106.5,-1.0,40.0,50.0,0.0,100.0,0.0,100.0,0.0,0.0
6,2000-2200,95+,0,0,0,0,0,0,0,0,0,0,,,,,0.0,0.0,0.0,0.0,0.0,0.0,0.0
6,2200-2400,70-75,0,0,0,0,0,0,0,0,0,0,,,,,0.0,0.0,0.0,0.0,0.0,0.0,0.0
6,2200-2400,75-80,0,0,0,0,0,0,0,0,0,0,,,,,0.0,0.0,0.0,0.0,0.0,0.0,0.0
6,2200-2400,80-85,1,1,1,0,0,0,0,0,0,0,,,,100.0,100.0,0.0,0.0,0.0,0.0,0.0,0.0
6,2200-2400,85-90,1,1,0,0,1,0,0,0,1,1,0.9344062500000002,100.8,33.0,100.0,0.0,0.0,100.0,0.0,0.0,0.0,100.0
6,2200-2400,90-95,0,0,0,0,0,0,0,0,0,0,,,,,0.0,0.0,0.0,0.0,0.0,0.0,0.0
6,2200-2400,95+,0,0,0,0,0,0,0,0,0,0,,,,,0.0,0.0,0.0,0.0,0.0,0.0,0.0
6,2400-2600,70-75,0,0,0,0,0,0,0,0,0,0,,,,,0.0,0.0,0.0,0.0,0.0,0.0,0.0
6,2400-2600,75-80,0,0,0,0,0,0,0,0,0,0,,,,,0.0,0.0,0.0,0.0,0.0,0.0,0.0
6,2400-2600,80-85,0,0,0,0,0,0,0,0,0,0,,,,,0.0,0.0,0.0,0.0,0.0,0.0,0.0
6,2400-2600,85-90,0,0,0,0,0,0,0,0,0,0,,,,,0.0,0.0,0.0,0.0,0.0,0.0,0.0
6,2400-2600,90-95,0,0,0,0,0,0,0,0,0,0,,,,,0.0,0.0,0.0,0.0,0.0,0.0,0.0
6,2400-2600,95+,0,0,0,0,0,0,0,0,0,0,,,,,0.0,0.0,0.0,0.0,0.0,0.0,0.0
6,2600-2800,70-75,0,0,0,0,0,0,0,0,0,0,,,,,0.0,0.0,0.0,0.0,0.0,0.0,0.0
6,2600-2800,75-80,0,0,0,0,0,0,0,0,0,0,,,,,0.0,0.0,0.0,0.0,0.0,0.0,0.0
6,2600-2800,80-85,0,0,0,0,0,0,0,0,0,0,,,,,0.0,0.0,0.0,0.0,0.0,0.0,0.0
6,2600-2800,85-90,0,0,0,0,0,0,0,0,0,0,,,,,0.0,0.0,0.0,0.0,0.0,0.0,0.0
6,2600-2800,90-95,0,0,0,0,0,0,0,0,0,0,,,,,0.0,0.0,0.0,0.0,0.0,0.0,0.0
6,2600-2800,95+,0,0,0,0,0,0,0,0,0,0,,,,,0.0,0.0,0.0,0.0,0.0,0.0,0.0
6,2800-3000,70-75,0,0,0,0,0,0,0,0,0,0,,,,,0.0,0.0,0.0,0.0,0.0,0.0,0.0
6,2800-3000,75-80,0,0,0,0,0,0,0,0,0,0,,,,,0.0,0.0,0.0,0.0,0.0,0.0,0.0
6,2800-3000,80-85,0,0,0,0,0,0,0,0,0,0,,,,,0.0,0.0,0.0,0.0,0.0,0.0,0.0
6,2800-3000,85-90,0,0,0,0,0,0,0,0,0,0,,,,,0.0,0.0,0.0,0.0,0.0,0.0,0.0
6,2800-3000,90-95,0,0,0,0,0,0,0,0,0,0,,,,,0.0,0.0,0.0,0.0,0.0,0.0,0.0
6,2800-3000,95+,0,0,0,0,0,0,0,0,0,0,,,,,0.0,0.0,0.0,0.0,0.0,0.0,0.0
6,3000-3200,70-75,0,0,0,0,0,0,0,0,0,0,,,,,0.0,0.0,0.0,0.0,0.0,0.0,0.0
6,3000-3200,75-80,0,0,0,0,0,0,0,0,0,0,,,,,0.0,0.0,0.0,0.0,0.0,0.0,0.0
6,3000-3200,80-85,0,0,0,0,0,0,0,0,0,0,,,,,0.0,0.0,0.0,0.0,0.0,0.0,0.0
6,3000-3200,85-90,0,0,0,0,0,0,0,0,0,0,,,,,0.0,0.0,0.0,0.0,0.0,0.0,0.0
6,3000-3200,90-95,0,0,0,0,0,0,0,0,0,0,,,,,0.0,0.0,0.0,0.0,0.0,0.0,0.0
6,3000-3200,95+,0,0,0,0,0,0,0,0,0,0,,,,,0.0,0.0,0.0,0.0,0.0,0.0,0.0
6,3200+,70-75,0,0,0,0,0,0,0,0,0,0,,,,,0.0,0.0,0.0,0.0,0.0,0.0,0.0
6,3200+,75-80,0,0,0,0,0,0,0,0,0,0,,,,,0.0,0.0,0.0,0.0,0.0,0.0,0.0
6,3200+,80-85,0,0,0,0,0,0,0,0,0,0,,,,,0.0,0.0,0.0,0.0,0.0,0.0,0.0
6,3200+,85-90,0,0,0,0,0,0,0,0,0,0,,,,,0.0,0.0,0.0,0.0,0.0,0.0,0.0
6,3200+,90-95,0,0,0,0,0,0,0,0,0,0,,,,,0.0,0.0,0.0,0.0,0.0,0.0,0.0
6,3200+,95+,0,0,0,0,0,0,0,0,0,0,,,,,0.0,0.0,0.0,0.0,0.0,0.0,0.0
7,<1800,70-75,0,0,0,0,0,0,0,0,0,0,,,,,0.0,0.0,0.0,0.0,0.0,0.0,0.0
7,<1800,75-80,13,9,2,0,2,3,3,3,1,7,0.0,82.77142857142857,11.428571428571429,69.2,22.2,0.0,28.6,42.9,42.9,42.9,14.3
7,<1800,80-85,619,519,148,7,112,91,202,63,71,335,0.24797770312837805,85.74417910447761,2.044642857142857,83.8,28.5,2.1,33.4,27.2,60.3,18.8,21.2
7,<1800,85-90,1097,961,251,15,224,140,400,90,115,601,0.2777840106759067,86.17138103161398,-1.4826446280991736,87.6,26.1,2.5,37.3,23.3,66.6,15.0,19.1
7,<1800,90-95,250,211,51,2,38,27,91,17,18,124,0.254688516773329,85.80322580645162,-7.253968253968254,84.4,24.2,1.6,30.6,21.8,73.4,13.7,14.5
7,<1800,95+,6,5,3,0,0,0,0,0,1,1,0.0,68.7,54.0,83.3,60.0,0.0,0.0,0.0,0.0,0.0,100.0
7,1800-2000,70-75,0,0,0,0,0,0,0,0,0,0,,,,,0.0,0.0,0.0,0.0,0.0,0.0,0.0
7,1800-2000,75-80,0,0,0,0,0,0,0,0,0,0,,,,,0.0,0.0,0.0,0.0,0.0,0.0,0.0
7,1800-2000,80-85,20,19,3,0,4,5,7,5,1,13,0.4151269841269841,84.77692307692307,-1.1538461538461537,95.0,15.8,0.0,30.8,38.5,53.8,38.5,7.7
7,1800-2000,85-90,75,67,11,0,11,10,35,5,6,46,0.24160738095238096,84.97826086956522,-9.652173913043478,89.3,16.4,0.0,23.9,21.7,76.1,10.9,13.0
7,1800-2000,90-95,38,28,9,0,1,2,13,1,2,16,0.23900000000000002,81.8,-14.5,73.7,32.1,0.0,6.2,12.5,81.2,6.2,12.5
7,1800-2000,95+,4,4,2,0,1,1,0,1,0,1,0.0,105.5,23.0,100.0,50.0,0.0,100.0,100.0,0.0,100.0,0.0
7,2000-2200,70-75,0,0,0,0,0,0,0,0,0,0,,,,,0.0,0.0,0.0,0.0,0.0,0.0,0.0
7,2000-2200,75-80,0,0,0,0,0,0,0,0,0,0,,,,,0.0,0.0,0.0,0.0,0.0,0.0,0.0
7,2000-2200,80-85,2,2,1,0,1,1,0,1,0,1,,105.6,23.0,100.0,50.0,0.0,100.0,100.0,0.0,100.0,0.0
7,2000-2200,85-90,17,15,1,0,4,6,7,3,3,13,0.5271666666666667,80.82307692307693,7.615384615384615,88.2,6.7,0.0,30.8,46.2,53.8,23.1,23.1
7,2000-2200,90-95,3,3,1,0,0,0,2,0,0,2,0.071,71.65,-16.0,100.0,33.3,0.0,0.0,0.0,100.0,0.0,0.0
7,2000-2200,95+,0,0,0,0,0,0,0,0,0,0,,,,,0.0,0.0,0.0,0.0,0.0,0.0,0.0
7,2200-2400,70-75,0,0,0,0,0,0,0,0,0,0,,,,,0.0,0.0,0.0,0.0,0.0,0.0,0.0
7,2200-2400,75-80,0,0,0,0,0,0,0,0,0,0,,,,,0.0,0.0,0.0,0.0,0.0,0.0,0.0
7,2200-2400,80-85,0,0,0,0,0,0,0,0,0,0,,,,,0.0,0.0,0.0,0.0,0.0,0.0,0.0
7,2200-2400,85-90,3,3,0,0,2,0,3,0,0,3,0.113,88.93333333333334,-15.666666666666666,100.0,0.0,0.0,66.7,0.0,100.0,0.0,0.0
7,2200-2400,90-95,0,0,0,0,0,0,0,0,0,0,,,,,0.0,0.0,0.0,0.0,0.0,0.0,0.0
7,2200-2400,95+,0,0,0,0,0,0,0,0,0,0,,,,,0.0,0.0,0.0,0.0,0.0,0.0,0.0
7,2400-2600,70-75,0,0,0,0,0,0,0,0,0,0,,,,,0.0,0.0,0.0,0.0,0.0,0.0,0.0
7,2400-2600,75-80,0,0,0,0,0,0,0,0,0,0,,,,,0.0,0.0,0.0,0.0,0.0,0.0,0.0
7,2400-2600,80-85,0,0,0,0,0,0,0,0,0,0,,,,,0.0,0.0,0.0,0.0,0.0,0.0,0.0
7,2400-2600,85-90,0,0,0,0,0,0,0,0,0,0,,,,,0.0,0.0,0.0,0.0,0.0,0.0,0.0
7,2400-2600,90-95,0,0,0,0,0,0,0,0,0,0,,,,,0.0,0.0,0.0,0.0,0.0,0.0,0.0
7,2400-2600,95+,0,0,0,0,0,0,0,0,0,0,,,,,0.0,0.0,0.0,0.0,0.0,0.0,0.0
7,2600-2800,70-75,0,0,0,0,0,0,0,0,0,0,,,,,0.0,0.0,0.0,0.0,0.0,0.0,0.0
7,2600-2800,75-80,0,0,0,0,0,0,0,0,0,0,,,,,0.0,0.0,0.0,0.0,0.0,0.0,0.0
7,2600-2800,80-85,0,0,0,0,0,0,0,0,0,0,,,,,0.0,0.0,0.0,0.0,0.0,0.0,0.0
7,2600-2800,85-90,0,0,0,0,0,0,0,0,0,0,,,,,0.0,0.0,0.0,0.0,0.0,0.0,0.0
7,2600-2800,90-95,0,0,0,0,0,0,0,0,0,0,,,,,0.0,0.0,0.0,0.0,0.0,0.0,0.0
7,2600-2800,95+,0,0,0,0,0,0,0,0,0,0,,,,,0.0,0.0,0.0,0.0,0.0,0.0,0.0
7,2800-3000,70-75,0,0,0,0,0,0,0,0,0,0,,,,,0.0,0.0,0.0,0.0,0.0,0.0,0.0
7,2800-3000,75-80,0,0,0,0,0,0,0,0,0,0,,,,,0.0,0.0,0.0,0.0,0.0,0.0,0.0
7,2800-3000,80-85,0,0,0,0,0,0,0,0,0,0,,,,,0.0,0.0,0.0,0.0,0.0,0.0,0.0
7,2800-3000,85-90,1,1,0,0,1,0,1,0,0,1,0.441,108.6,-3.0,100.0,0.0,0.0,100.0,0.0,100.0,0.0,0.0
7,2800-3000,90-95,0,0,0,0,0,0,0,0,0,0,,,,,0.0,0.0,0.0,0.0,0.0,0.0,0.0
7,2800-3000,95+,0,0,0,0,0,0,0,0,0,0,,,,,0.0,0.0,0.0,0.0,0.0,0.0,0.0
7,3000-3200,70-75,0,0,0,0,0,0,0,0,0,0,,,,,0.0,0.0,0.0,0.0,0.0,0.0,0.0
7,3000-3200,75-80,0,0,0,0,0,0,0,0,0,0,,,,,0.0,0.0,0.0,0.0,0.0,0.0,0.0
7,3000-3200,80-85,1,1,0,0,0,1,0,1,0,1,,89.0,25.0,100.0,0.0,0.0,0.0,100.0,0.0,100.0,0.0
7,3000-3200,85-90,0,0,0,0,0,0,0,0,0,0,,,,,0.0,0.0,0.0,0.0,0.0,0.0,0.0
7,3000-3200,90-95,0,0,0,0,0,0,0,0,0,0,,,,,0.0,0.0,0.0,0.0,0.0,0.0,0.0
7,3000-3200,95+,0,0,0,0,0,0,0,0,0,0,,,,,0.0,0.0,0.0,0.0,0.0,0.0,0.0
7,3200+,70-75,0,0,0,0,0,0,0,0,0,0,,,,,0.0,0.0,0.0,0.0,0.0,0.0,0.0
7,3200+,75-80,0,0,0,0,0,0,0,0,0,0,,,,,0.0,0.0,0.0,0.0,0.0,0.0,0.0
7,3200+,80-85,0,0,0,0,0,0,0,0,0,0,,,,,0.0,0.0,0.0,0.0,0.0,0.0,0.0
7,3200+,85-90,0,0,0,0,0,0,0,0,0,0,,,,,0.0,0.0,0.0,0.0,0.0,0.0,0.0
7,3200+,90-95,0,0,0,0,0,0,0,0,0,0,,,,,0.0,0.0,0.0,0.0,0.0,0.0,0.0
7,3200+,95+,0,0,0,0,0,0,0,0,0,0,,,,,0.0,0.0,0.0,0.0,0.0,0.0,0.0
8,<1800,70-75,0,0,0,0,0,0,0,0,0,0,,,,,0.0,0.0,0.0,0.0,0.0,0.0,0.0
8,<1800,75-80,20,18,8,0,3,6,4,3,3,10,0.23656249999999998,85.66,19.6,90.0,44.4,0.0,30.0,60.0,40.0,30.0,30.0
8,<1800,80-85,748,668,207,8,94,104,226,66,110,402,0.2680017642346198,82.16094527363184,3.8034825870646767,89.3,31.0,2.0,23.4,25.9,56.2,16.4,27.4
8,<1800,85-90,1264,1133,316,13,232,182,466,116,146,727,0.2853956379457166,84.95502063273727,-1.8461538461538463,89.6,27.9,1.8,31.9,25.0,64.1,16.0,20.1
8,<1800,90-95,266,231,64,2,49,19,115,12,11,138,0.21389363699491695,85.23333333333333,-14.833333333333334,86.8,27.7,1.4,35.5,13.8,83.3,8.7,8.0
8,<1800,95+,14,12,1,1,5,3,4,2,1,7,0.7166672222222222,101.47142857142856,3.5714285714285716,85.7,8.3,14.3,71.4,42.9,57.1,28.6,14.3
8,1800-2000,70-75,0,0,0,0,0,0,0,0,0,0,,,,,0.0,0.0,0.0,0.0,0.0,0.0,0.0
8,1800-2000,75-80,1,1,1,0,0,0,0,0,0,0,,,,100.0,100.0,0.0,0.0,0.0,0.0,0.0,0.0
8,1800-2000,80-85,33,30,7,1,9,7,12,4,5,21,0.40751163763066206,88.78571428571429,1.8095238095238095,90.9,23.3,4.8,42.9,33.3,57.1,19.0,23.8
8,1800-2000,85-90,97,81,16,1,22,12,40,9,11,58,0.35776789812889814,86.25172413793103,-6.316666666666666,83.5,19.8,1.7,37.9,20.7,69.0,15.5,19.0
8,1800-2000,90-95,28,23,5,0,3,3,11,1,4,16,0.161875,79.5625,-9.5625,82.1,21.7,0.0,18.8,18.8,68.8,6.2,25.0
8,1800-2000,95+,4,0,0,0,0,0,0,0,0,0,,,,0.0,0.0,0.0,0.0,0.0,0.0,0.0,0.0
8,2000-2200,70-75,0,0,0,0,0,0,0,0,0,0,,,,,0.0,0.0,0.0,0.0,0.0,0.0,0.0
8,2000-2200,75-80,0,0,0,0,0,0,0,0,0,0,,,,,0.0,0.0,0.0,0.0,0.0,0.0,0.0
8,2000-2200,80-85,4,4,1,0,2,0,3,0,0,3,0.306,97.89999999999999,-18.0,100.0,25.0,0.0,66.7,0.0,100.0,0.0,0.0
8,2000-2200,85-90,36,30,5,0,4,1,18,0,5,23,0.19447331593927894,82.13478260869564,-12.217391304347826,83.3,16.7,0.0,17.4,4.3,78.3,0.0,21.7
8,2000-2200,90-95,4,3,0,0,1,0,3,0,0,3,0.11499999999999999,96.26666666666667,-25.0,75.0,0.0,0.0,33.3,0.0,100.0,0.0,0.0
8,2000-2200,95+,0,0,0,0,0,0,0,0,0,0,,,,,0.0,0.0,0.0,0.0,0.0,0.0,0.0
8,2200-2400,70-75,0,0,0,0,0,0,0,0,0,0,,,,,0.0,0.0,0.0,0.0,0.0,0.0,0.0
8,2200-2400,75-80,0,0,0,0,0,0,0,0,0,0,,,,,0.0,0.0,0.0,0.0,0.0,0.0,0.0
8,2200-2400,80-85,3,2,1,0,0,0,1,0,0,1,0.0,89.9,-19.0,66.7,50.0,0.0,0.0,0.0,100.0,0.0,0.0
8,2200-2400,85-90,5,5,2,0,1,3,1,2,0,3,0.795522988505747,89.5,14.333333333333334,100.0,40.0,0.0,33.3,100.0,33.3,66.7,0.0
8,2200-2400,90-95,2,1,1,0,0,0,0,0,0,0,,,,50.0,100.0,0.0,0.0,0.0,0.0,0.0,0.0
8,2200-2400,95+,0,0,0,0,0,0,0,0,0,0,,,,,0.0,0.0,0.0,0.0,0.0,0.0,0.0
8,2400-2600,70-75,0,0,0,0,0,0,0,0,0,0,,,,,0.0,0.0,0.0,0.0,0.0,0.0,0.0
8,2400-2600,75-80,0,0,0,0,0,0,0,0,0,0,,,,,0.0,0.0,0.0,0.0,0.0,0.0,0.0
8,2400-2600,80-85,1,1,1,0,0,0,0,0,0,0,0.0,,,100.0,100.0,0.0,0.0,0.0,0.0,0.0,0.0
8,2400-2600,85-90,0,0,0,0,0,0,0,0,0,0,,,,,0.0,0.0,0.0,0.0,0.0,0.0,0.0
8,2400-2600,90-95,0,0,0,0,0,0,0,0,0,0,,,,,0.0,0.0,0.0,0.0,0.0,0.0,0.0
8,2400-2600,95+,0,0,0,0,0,0,0,0,0,0,,,,,0.0,0.0,0.0,0.0,0.0,0.0,0.0
8,2600-2800,70-75,0,0,0,0,0,0,0,0,0,0,,,,,0.0,0.0,0.0,0.0,0.0,0.0,0.0
8,2600-2800,75-80,0,0,0,0,0,0,0,0,0,0,,,,,0.0,0.0,0.0,0.0,0.0,0.0,0.0
8,2600-2800,80-85,0,0,0,0,0,0,0,0,0,0,,,,,0.0,0.0,0.0,0.0,0.0,0.0,0.0
8,2600-2800,85-90,1,1,0,0,0,0,0,0,0,0,,,,100.0,0.0,0.0,0.0,0.0,0.0,0.0,0.0
8,2600-2800,90-95,0,0,0,0,0,0,0,0,0,0,,,,,0.0,0.0,0.0,0.0,0.0,0.0,0.0
8,2600-2800,95+,0,0,0,0,0,0,0,0,0,0,,,,,0.0,0.0,0.0,0.0,0.0,0.0,0.0
8,2800-3000,70-75,0,0,0,0,0,0,0,0,0,0,,,,,0.0,0.0,0.0,0.0,0.0,0.0,0.0
8,2800-3000,75-80,0,0,0,0,0,0,0,0,0,0,,,,,0.0,0.0,0.0,0.0,0.0,0.0,0.0
8,2800-3000,80-85,0,0,0,0,0,0,0,0,0,0,,,,,0.0,0.0,0.0,0.0,0.0,0.0,0.0
8,2800-3000,85-90,0,0,0,0,0,0,0,0,0,0,,,,,0.0,0.0,0.0,0.0,0.0,0.0,0.0
8,2800-3000,90-95,1,0,0,0,0,0,0,0,0,0,,,,0.0,0.0,0.0,0.0,0.0,0.0,0.0,0.0
8,2800-3000,95+,0,0,0,0,0,0,0,0,0,0,,,,,0.0,0.0,0.0,0.0,0.0,0.0,0.0
8,3000-3200,70-75,0,0,0,0,0,0,0,0,0,0,,,,,0.0,0.0,0.0,0.0,0.0,0.0,0.0
8,3000-3200,75-80,0,0,0,0,0,0,0,0,0,0,,,,,0.0,0.0,0.0,0.0,0.0,0.0,0.0
8,3000-3200,80-85,0,0,0,0,0,0,0,0,0,0,,,,,0.0,0.0,0.0,0.0,0.0,0.0,0.0
8,3000-3200,85-90,0,0,0,0,0,0,0,0,0,0,,,,,0.0,0.0,0.0,0.0,0.0,0.0,0.0
8,3000-3200,90-95,0,0,0,0,0,0,0,0,0,0,,,,,0.0,0.0,0.0,0.0,0.0,0.0,0.0
8,3000-3200,95+,0,0,0,0,0,0,0,0,0,0,,,,,0.0,0.0,0.0,0.0,0.0,0.0,0.0
8,3200+,70-75,0,0,0,0,0,0,0,0,0,0,,,,,0.0,0.0,0.0,0.0,0.0,0.0,0.0
8,3200+,75-80,0,0,0,0,0,0,0,0,0,0,,,,,0.0,0.0,0.0,0.0,0.0,0.0,0.0
8,3200+,80-85,0,0,0,0,0,0,0,0,0,0,,,,,0.0,0.0,0.0,0.0,0.0,0.0,0.0
8,3200+,85-90,0,0,0,0,0,0,0,0,0,0,,,,,0.0,0.0,0.0,0.0,0.0,0.0,0.0
8,3200+,90-95,0,0,0,0,0,0,0,0,0,0,,,,,0.0,0.0,0.0,0.0,0.0,0.0,0.0
8,3200+,95+,0,0,0,0,0,0,0,0,0,0,,,,,0.0,0.0,0.0,0.0,0.0,0.0,0.0
9,<1800,70-75,0,0,0,0,0,0,0,0,0,0,,,,,0.0,0.0,0.0,0.0,0.0,0.0,0.0
9,<1800,75-80,20,12,5,1,1,2,3,1,3,7,0.2702820512820513,78.54285714285713,16.285714285714285,60.0,41.7,14.3,14.3,28.6,42.9,14.3,42.9
9,<1800,80-85,427,333,127,0,33,41,113,26,47,186,0.19983520105951405,78.4241935483871,0.9193548387096774,78.0,38.1,0.0,17.7,22.0,60.8,14.0,25.3
9,<1800,85-90,718,542,181,1,62,61,219,44,48,308,0.18818673133225894,79.38181818181818,-7.697749196141479,75.5,33.4,0.3,20.1,19.8,71.1,14.3,15.6
9,<1800,90-95,148,116,46,1,19,16,48,11,5,64,0.2004613095238095,81.1375,-17.71875,78.4,39.7,1.6,29.7,25.0,75.0,17.2,7.8
9,<1800,95+,2,2,0,0,2,0,2,0,0,2,0.521,102.85,3.5,100.0,0.0,0.0,100.0,0.0,100.0,0.0,0.0
9,1800-2000,70-75,0,0,0,0,0,0,0,0,0,0,,,,,0.0,0.0,0.0,0.0,0.0,0.0,0.0
9,1800-2000,75-80,0,0,0,0,0,0,0,0,0,0,,,,,0.0,0.0,0.0,0.0,0.0,0.0,0.0
9,1800-2000,80-85,19,9,1,0,1,0,6,0,1,7,0.21508283333333333,69.8,-30.142857142857142,47.4,11.1,0.0,14.3,0.0,85.7,0.0,14.3
9,1800-2000,85-90,68,45,17,0,7,7,17,5,3,25,0.16842574816487862,80.068,-10.36,66.2,37.8,0.0,28.0,28.0,68.0,20.0,12.0
9,1800-2000,90-95,29,14,3,0,1,1,4,1,2,7,0.1468214285714286,79.8,-14.285714285714286,48.3,21.4,0.0,14.3,14.3,57.1,14.3,28.6
9,1800-2000,95+,4,3,1,0,0,0,2,0,0,2,0.02033333333333333,75.85,-40.5,75.0,33.3,0.0,0.0,0.0,100.0,0.0,0.0
9,2000-2200,70-75,0,0,0,0,0,0,0,0,0,0,,,,,0.0,0.0,0.0,0.0,0.0,0.0,0.0
9,2000-2200,75-80,0,0,0,0,0,0,0,0,0,0,,,,,0.0,0.0,0.0,0.0,0.0,0.0,0.0
9,2000-2200,80-85,2,1,1,0,0,0,0,0,0,0,,,,50.0,100.0,0.0,0.0,0.0,0.0,0.0,0.0
9,2000-2200,85-90,26,16,2,0,4,3,11,2,1,14,0.2758181818181818,82.55714285714285,-15.142857142857142,61.5,12.5,0.0,28.6,21.4,78.6,14.3,7.1
9,2000-2200,90-95,2,2,0,0,1,1,1,1,0,2,0.437,84.65,-21.5,100.0,0.0,0.0,50.0,50.0,50.0,50.0,0.0
9,2000-2200,95+,0,0,0,0,0,0,0,0,0,0,,,,,0.0,0.0,0.0,0.0,0.0,0.0,0.0
9,2200-2400,70-75,0,0,0,0,0,0,0,0,0,0,,,,,0.0,0.0,0.0,0.0,0.0,0.0,0.0
9,2200-2400,75-80,0,0,0,0,0,0,0,0,0,0,,,,,0.0,0.0,0.0,0.0,0.0,0.0,0.0
9,2200-2400,80-85,1,1,0,0,0,1,0,1,0,1,,74.5,11.0,100.0,0.0,0.0,0.0,100.0,0.0,100.0,0.0
9,2200-2400,85-90,1,0,0,0,0,0,0,0,0,0,,,,0.0,0.0,0.0,0.0,0.0,0.0,0.0,0.0
9,2200-2400,90-95,1,1,0,0,0,0,1,0,0,1,0.218,63.3,-48.0,100.0,0.0,0.0,0.0,0.0,100.0,0.0,0.0
9,2200-2400,95+,0,0,0,0,0,0,0,0,0,0,,,,,0.0,0.0,0.0,0.0,0.0,0.0,0.0
9,2400-2600,70-75,0,0,0,0,0,0,0,0,0,0,,,,,0.0,0.0,0.0,0.0,0.0,0.0,0.0
9,2400-2600,75-80,0,0,0,0,0,0,0,0,0,0,,,,,0.0,0.0,0.0,0.0,0.0,0.0,0.0
9,2400-2600,80-85,0,0,0,0,0,0,0,0,0,0,,,,,0.0,0.0,0.0,0.0,0.0,0.0,0.0
9,2400-2600,85-90,2,1,0,0,0,0,0,0,0,0,,,,50.0,0.0,0.0,0.0,0.0,0.0,0.0,0.0
9,2400-2600,90-95,0,0,0,0,0,0,0,0,0,0,,,,,0.0,0.0,0.0,0.0,0.0,0.0,0.0
9,2400-2600,95+,0,0,0,0,0,0,0,0,0,0,,,,,0.0,0.0,0.0,0.0,0.0,0.0,0.0
9,2600-2800,70-75,0,0,0,0,0,0,0,0,0,0,,,,,0.0,0.0,0.0,0.0,0.0,0.0,0.0
9,2600-2800,75-80,0,0,0,0,0,0,0,0,0,0,,,,,0.0,0.0,0.0,0.0,0.0,0.0,0.0
9,2600-2800,80-85,0,0,0,0,0,0,0,0,0,0,,,,,0.0,0.0,0.0,0.0,0.0,0.0,0.0
9,2600-2800,85-90,0,0,0,0,0,0,0,0,0,0,,,,,0.0,0.0,0.0,0.0,0.0,0.0,0.0
9,2600-2800,90-95,0,0,0,0,0,0,0,0,0,0,,,,,0.0,0.0,0.0,0.0,0.0,0.0,0.0
9,2600-2800,95+,0,0,0,0,0,0,0,0,0,0,,,,,0.0,0.0,0.0,0.0,0.0,0.0,0.0
9,2800-3000,70-75,0,0,0,0,0,0,0,0,0,0,,,,,0.0,0.0,0.0,0.0,0.0,0.0,0.0
9,2800-3000,75-80,0,0,0,0,0,0,0,0,0,0,,,,,0.0,0.0,0.0,0.0,0.0,0.0,0.0
9,2800-3000,80-85,0,0,0,0,0,0,0,0,0,0,,,,,0.0,0.0,0.0,0.0,0.0,0.0,0.0
9,2800-3000,85-90,0,0,0,0,0,0,0,0,0,0,,,,,0.0,0.0,0.0,0.0,0.0,0.0,0.0
9,2800-3000,90-95,0,0,0,0,0,0,0,0,0,0,,,,,0.0,0.0,0.0,0.0,0.0,0.0,0.0
9,2800-3000,95+,0,0,0,0,0,0,0,0,0,0,,,,,0.0,0.0,0.0,0.0,0.0,0.0,0.0
9,3000-3200,70-75,0,0,0,0,0,0,0,0,0,0,,,,,0.0,0.0,0.0,0.0,0.0,0.0,0.0
9,3000-3200,75-80,0,0,0,0,0,0,0,0,0,0,,,,,0.0,0.0,0.0,0.0,0.0,0.0,0.0
9,3000-3200,80-85,0,0,0,0,0,0,0,0,0,0,,,,,0.0,0.0,0.0,0.0,0.0,0.0,0.0
9,3000-3200,85-90,0,0,0,0,0,0,0,0,0,0,,,,,0.0,0.0,0.0,0.0,0.0,0.0,0.0
9,3000-3200,90-95,0,0,0,0,0,0,0,0,0,0,,,,,0.0,0.0,0.0,0.0,0.0,0.0,0.0
9,3000-3200,95+,0,0,0,0,0,0,0,0,0,0,,,,,0.0,0.0,0.0,0.0,0.0,0.0,0.0
9,3200+,70-75,0,0,0,0,0,0,0,0,0,0,,,,,0.0,0.0,0.0,0.0,0.0,0.0,0.0
9,3200+,75-80,0,0,0,0,0,0,0,0,0,0,,,,,0.0,0.0,0.0,0.0,0.0,0.0,0.0
9,3200+,80-85,0,0,0,0,0,0,0,0,0,0,,,,,0.0,0.0,0.0,0.0,0.0,0.0,0.0
9,3200+,85-90,0,0,0,0,0,0,0,0,0,0,,,,,0.0,0.0,0.0,0.0,0.0,0.0,0.0
9,3200+,90-95,0,0,0,0,0,0,0,0,0,0,,,,,0.0,0.0,0.0,0.0,0.0,0.0,0.0
9,3200+,95+,0,0,0,0,0,0,0,0,0,0,,,,,0.0,0.0,0.0,0.0,0.0,0.0,0.0
11,<1800,70-75,0,0,0,0,0,0,0,0,0,0,,,,,0.0,0.0,0.0,0.0,0.0,0.0,0.0
11,<1800,75-80,56,9,0,0,1,2,4,2,2,8,0.6001343333333333,57.462500000000006,-1.375,16.1,0.0,0.0,12.5,25.0,50.0,25.0,25.0
11,<1800,80-85,899,240,44,1,28,48,79,32,65,175,0.4987576709062003,72.38685714285715,11.619318181818182,26.7,18.3,0.6,16.0,27.4,45.1,18.3,37.1
11,<1800,85-90,1056,354,52,2,35,66,142,37,97,276,0.40225498752228167,71.45652173913044,7.673913043478261,33.5,14.7,0.7,12.7,23.9,51.4,13.4,35.1
11,<1800,90-95,185,55,11,0,7,11,21,9,10,40,0.3502418673469388,74.69500000000001,3.275,29.7,20.0,0.0,17.5,27.5,52.5,22.5,25.0
11,<1800,95+,12,2,0,0,0,2,1,1,0,2,0.58395275,75.1,10.5,16.7,0.0,0.0,0.0,100.0,50.0,50.0,0.0
11,1800-2000,70-75,0,0,0,0,0,0,0,0,0,0,,,,,0.0,0.0,0.0,0.0,0.0,0.0,0.0
11,1800-2000,75-80,0,0,0,0,0,0,0,0,0,0,,,,,0.0,0.0,0.0,0.0,0.0,0.0,0.0
11,1800-2000,80-85,9,2,1,0,0,1,0,0,1,1,0.709096,70.3,30.0,22.2,50.0,0.0,0.0,100.0,0.0,0.0,100.0
11,1800-2000,85-90,38,16,2,0,4,6,7,3,2,12,0.6829572,82.2,0.5833333333333334,42.1,12.5,0.0,33.3,50.0,58.3,25.0,16.7
11,1800-2000,90-95,17,4,1,0,1,0,1,0,1,2,0.7067145,83.25,7.5,23.5,25.0,0.0,50.0,0.0,50.0,0.0,50.0
11,1800-2000,95+,1,0,0,0,0,0,0,0,0,0,0.695903,,,0.0,0.0,0.0,0.0,0.0,0.0,0.0,0.0
11,2000-2200,70-75,0,0,0,0,0,0,0,0,0,0,,,,,0.0,0.0,0.0,0.0,0.0,0.0,0.0
11,2000-2200,75-80,0,0,0,0,0,0,0,0,0,0,,,,,0.0,0.0,0.0,0.0,0.0,0.0,0.0
11,2000-2200,80-85,0,0,0,0,0,0,0,0,0,0,,,,,0.0,0.0,0.0,0.0,0.0,0.0,0.0
11,2000-2200,85-90,9,1,0,0,0,0,1,0,0,1,0.722289,69.0,-46.0,11.1,0.0,0.0,0.0,0.0,100.0,0.0,0.0
11,2000-2200,90-95,10,1,0,0,0,0,0,0,0,0,0.7057100000000001,,,10.0,0.0,0.0,0.0,0.0,0.0,0.0,0.0
11,2000-2200,95+,0,0,0,0,0,0,0,0,0,0,,,,,0.0,0.0,0.0,0.0,0.0,0.0,0.0
11,2200-2400,70-75,0,0,0,0,0,0,0,0,0,0,,,,,0.0,0.0,0.0,0.0,0.0,0.0,0.0
11,2200-2400,75-80,0,0,0,0,0,0,0,0,0,0,,,,,0.0,0.0,0.0,0.0,0.0,0.0,0.0
11,2200-2400,80-85,2,0,0,0,0,0,0,0,0,0,0.722289,,,0.0,0.0,0.0,0.0,0.0,0.0,0.0,0.0
11,2200-2400,85-90,0,0,0,0,0,0,0,0,0,0,,,,,0.0,0.0,0.0,0.0,0.0,0.0,0.0
11,2200-2400,90-95,2,1,0,0,0,0,0,0,1,1,0.007,83.0,78.0,50.0,0.0,0.0,0.0,0.0,0.0,0.0,100.0
11,2200-2400,95+,0,0,0,0,0,0,0,0,0,0,,,,,0.0,0.0,0.0,0.0,0.0,0.0,0.0
11,2400-2600,70-75,0,0,0,0,0,0,0,0,0,0,,,,,0.0,0.0,0.0,0.0,0.0,0.0,0.0
11,2400-2600,75-80,0,0,0,0,0,0,0,0,0,0,,,,,0.0,0.0,0.0,0.0,0.0,0.0,0.0
11,2400-2600,80-85,1,0,0,0,0,0,0,0,0,0,,,,0.0,0.0,0.0,0.0,0.0,0.0,0.0,0.0
11,2400-2600,85-90,0,0,0,0,0,0,0,0,0,0,,,,,0.0,0.0,0.0,0.0,0.0,0.0,0.0
11,2400-2600,90-95,0,0,0,0,0,0,0,0,0,0,,,,,0.0,0.0,0.0,0.0,0.0,0.0,0.0
11,2400-2600,95+,0,0,0,0,0,0,0,0,0,0,,,,,0.0,0.0,0.0,0.0,0.0,0.0,0.0
11,2600-2800,70-75,0,0,0,0,0,0,0,0,0,0,,,,,0.0,0.0,0.0,0.0,0.0,0.0,0.0
11,2600-2800,75-80,0,0,0,0,0,0,0,0,0,0,,,,,0.0,0.0,0.0,0.0,0.0,0.0,0.0
11,2600-2800,80-85,0,0,0,0,0,0,0,0,0,0,,,,,0.0,0.0,0.0,0.0,0.0,0.0,0.0
11,2600-2800,85-90,0,0,0,0,0,0,0,0,0,0,,,,,0.0,0.0,0.0,0.0,0.0,0.0,0.0
11,2600-2800,90-95,0,0,0,0,0,0,0,0,0,0,,,,,0.0,0.0,0.0,0.0,0.0,0.0,0.0
11,2600-2800,95+,0,0,0,0,0,0,0,0,0,0,,,,,0.0,0.0,0.0,0.0,0.0,0.0,0.0
11,2800-3000,70-75,0,0,0,0,0,0,0,0,0,0,,,,,0.0,0.0,0.0,0.0,0.0,0.0,0.0
11,2800-3000,75-80,0,0,0,0,0,0,0,0,0,0,,,,,0.0,0.0,0.0,0.0,0.0,0.0,0.0
11,2800-3000,80-85,0,0,0,0,0,0,0,0,0,0,,,,,0.0,0.0,0.0,0.0,0.0,0.0,0.0
11,2800-3000,85-90,0,0,0,0,0,0,0,0,0,0,,,,,0.0,0.0,0.0,0.0,0.0,0.0,0.0
11,2800-3000,90-95,0,0,0,0,0,0,0,0,0,0,,,,,0.0,0.0,0.0,0.0,0.0,0.0,0.0
11,2800-3000,95+,0,0,0,0,0,0,0,0,0,0,,,,,0.0,0.0,0.0,0.0,0.0,0.0,0.0
11,3000-3200,70-75,0,0,0,0,0,0,0,0,0,0,,,,,0.0,0.0,0.0,0.0,0.0,0.0,0.0
11,3000-3200,75-80,0,0,0,0,0,0,0,0,0,0,,,,,0.0,0.0,0.0,0.0,0.0,0.0,0.0
11,3000-3200,80-85,0,0,0,0,0,0,0,0,0,0,,,,,0.0,0.0,0.0,0.0,0.0,0.0,0.0
11,3000-3200,85-90,0,0,0,0,0,0,0,0,0,0,,,,,0.0,0.0,0.0,0.0,0.0,0.0,0.0
11,3000-3200,90-95,0,0,0,0,0,0,0,0,0,0,,,,,0.0,0.0,0.0,0.0,0.0,0.0,0.0
11,3000-3200,95+,0,0,0,0,0,0,0,0,0,0,,,,,0.0,0.0,0.0,0.0,0.0,0.0,0.0
11,3200+,70-75,0,0,0,0,0,0,0,0,0,0,,,,,0.0,0.0,0.0,0.0,0.0,0.0,0.0
11,3200+,75-80,0,0,0,0,0,0,0,0,0,0,,,,,0.0,0.0,0.0,0.0,0.0,0.0,0.0
11,3200+,80-85,1,0,0,0,0,0,0,0,0,0,0.721932,,,0.0,0.0,0.0,0.0,0.0,0.0,0.0,0.0
11,3200+,85-90,0,0,0,0,0,0,0,0,0,0,,,,,0.0,0.0,0.0,0.0,0.0,0.0,0.0
11,3200+,90-95,0,0,0,0,0,0,0,0,0,0,,,,,0.0,0.0,0.0,0.0,0.0,0.0,0.0
11,3200+,95+,0,0,0,0,0,0,0,0,0,0,,,,,0.0,0.0,0.0,0.0,0.0,0.0,0.0
12,<1800,70-75,1,0,0,0,0,0,0,0,0,0,,,,0.0,0.0,0.0,0.0,0.0,0.0,0.0,0.0
12,<1800,75-80,4,0,0,0,0,0,0,0,0,0,,,,0.0,0.0,0.0,0.0,0.0,0.0,0.0,0.0
12,<1800,80-85,84,22,6,0,2,5,6,2,6,14,0.1980310625,80.13571428571429,16.857142857142858,26.2,27.3,0.0,14.3,35.7,42.9,14.3,42.9
12,<1800,85-90,88,17,1,0,1,5,5,4,6,15,0.3194615625,74.69333333333334,18.933333333333334,19.3,5.9,0.0,6.7,33.3,33.3,26.7,40.0
12,<1800,90-95,12,1,0,0,0,0,1,0,0,1,0.0315,71.7,-32.0,8.3,0.0,0.0,0.0,0.0,100.0,0.0,0.0
12,<1800,95+,0,0,0,0,0,0,0,0,0,0,,,,,0.0,0.0,0.0,0.0,0.0,0.0,0.0
12,1800-2000,70-75,1,0,0,0,0,0,0,0,0,0,,,,0.0,0.0,0.0,0.0,0.0,0.0,0.0,0.0
12,1800-2000,75-80,0,0,0,0,0,0,0,0,0,0,,,,,0.0,0.0,0.0,0.0,0.0,0.0,0.0
12,1800-2000,80-85,3,1,0,0,0,0,1,0,0,1,,51.6,-60.0,33.3,0.0,0.0,0.0,0.0,100.0,0.0,0.0
12,1800-2000,85-90,10,0,0,0,0,0,0,0,0,0,,,,0.0,0.0,0.0,0.0,0.0,0.0,0.0,0.0
12,1800-2000,90-95,1,0,0,0,0,0,0,0,0,0,,,,0.0,0.0,0.0,0.0,0.0,0.0,0.0,0.0
12,1800-2000,95+,0,0,0,0,0,0,0,0,0,0,,,,,0.0,0.0,0.0,0.0,0.0,0.0,0.0
12,2000-2200,70-75,0,0,0,0,0,0,0,0,0,0,,,,,0.0,0.0,0.0,0.0,0.0,0.0,0.0
12,2000-2200,75-80,0,0,0,0,0,0,0,0,0,0,,,,,0.0,0.0,0.0,0.0,0.0,0.0,0.0
12,2000-2200,80-85,0,0,0,0,0,0,0,0,0,0,,,,,0.0,0.0,0.0,0.0,0.0,0.0,0.0
12,2000-2200,85-90,6,0,0,0,0,0,0,0,0,0,0.695903,,,0.0,0.0,0.0,0.0,0.0,0.0,0.0,0.0
12,2000-2200,90-95,3,0,0,0,0,0,0,0,0,0,,,,0.0,0.0,0.0,0.0,0.0,0.0,0.0,0.0
12,2000-2200,95+,0,0,0,0,0,0,0,0,0,0,,,,,0.0,0.0,0.0,0.0,0.0,0.0,0.0
12,2200-2400,70-75,0,0,0,0,0,0,0,0,0,0,,,,,0.0,0.0,0.0,0.0,0.0,0.0,0.0
12,2200-2400,75-80,0,0,0,0,0,0,0,0,0,0,,,,,0.0,0.0,0.0,0.0,0.0,0.0,0.0
12,2200-2400,80-85,1,0,0,0,0,0,0,0,0,0,,,,0.0,0.0,0.0,0.0,0.0,0.0,0.0,0.0
12,2200-2400,85-90,2,1,0,0,0,0,1,0,0,1,0.058,82.4,-31.0,50.0,0.0,0.0,0.0,0.0,100.0,0.0,0.0
12,2200-2400,90-95,1,0,0,0,0,0,0,0,0,0,,,,0.0,0.0,0.0,0.0,0.0,0.0,0.0,0.0
12,2200-2400,95+,0,0,0,0,0,0,0,0,0,0,,,,,0.0,0.0,0.0,0.0,0.0,0.0,0.0
12,2400-2600,70-75,0,0,0,0,0,0,0,0,0,0,,,,,0.0,0.0,0.0,0.0,0.0,0.0,0.0
12,2400-2600,75-80,0,0,0,0,0,0,0,0,0,0,,,,,0.0,0.0,0.0,0.0,0.0,0.0,0.0
12,2400-2600,80-85,2,0,0,0,0,0,0,0,0,0,,,,0.0,0.0,0.0,0.0,0.0,0.0,0.0,0.0
12,2400-2600,85-90,0,0,0,0,0,0,0,0,0,0,,,,,0.0,0.0,0.0,0.0,0.0,0.0,0.0
12,2400-2600,90-95,0,0,0,0,0,0,0,0,0,0,,,,,0.0,0.0,0.0,0.0,0.0,0.0,0.0
12,2400-2600,95+,1,0,0,0,0,0,0,0,0,0,,,,0.0,0.0,0.0,0.0,0.0,0.0,0.0,0.0
12,2600-2800,70-75,0,0,0,0,0,0,0,0,0,0,,,,,0.0,0.0,0.0,0.0,0.0,0.0,0.0
12,2600-2800,75-80,0,0,0,0,0,0,0,0,0,0,,,,,0.0,0.0,0.0,0.0,0.0,0.0,0.0
12,2600-2800,80-85,0,0,0,0,0,0,0,0,0,0,,,,,0.0,0.0,0.0,0.0,0.0,0.0,0.0
12,2600-2800,85-90,0,0,0,0,0,0,0,0,0,0,,,,,0.0,0.0,0.0,0.0,0.0,0.0,0.0
12,2600-2800,90-95,0,0,0,0,0,0,0,0,0,0,,,,,0.0,0.0,0.0,0.0,0.0,0.0,0.0
12,2600-2800,95+,0,0,0,0,0,0,0,0,0,0,,,,,0.0,0.0,0.0,0.0,0.0,0.0,0.0
12,2800-3000,70-75,0,0,0,0,0,0,0,0,0,0,,,,,0.0,0.0,0.0,0.0,0.0,0.0,0.0
12,2800-3000,75-80,0,0,0,0,0,0,0,0,0,0,,,,,0.0,0.0,0.0,0.0,0.0,0.0,0.0
12,2800-3000,80-85,0,0,0,0,0,0,0,0,0,0,,,,,0.0,0.0,0.0,0.0,0.0,0.0,0.0
12,2800-3000,85-90,0,0,0,0,0,0,0,0,0,0,,,,,0.0,0.0,0.0,0.0,0.0,0.0,0.0
12,2800-3000,90-95,0,0,0,0,0,0,0,0,0,0,,,,,0.0,0.0,0.0,0.0,0.0,0.0,0.0
12,2800-3000,95+,0,0,0,0,0,0,0,0,0,0,,,,,0.0,0.0,0.0,0.0,0.0,0.0,0.0
12,3000-3200,70-75,0,0,0,0,0,0,0,0,0,0,,,,,0.0,0.0,0.0,0.0,0.0,0.0,0.0
12,3000-3200,75-80,0,0,0,0,0,0,0,0,0,0,,,,,0.0,0.0,0.0,0.0,0.0,0.0,0.0
12,3000-3200,80-85,0,0,0,0,0,0,0,0,0,0,,,,,0.0,0.0,0.0,0.0,0.0,0.0,0.0
12,3000-3200,85-90,0,0,0,0,0,0,0,0,0,0,,,,,0.0,0.0,0.0,0.0,0.0,0.0,0.0
12,3000-3200,90-95,0,0,0,0,0,0,0,0,0,0,,,,,0.0,0.0,0.0,0.0,0.0,0.0,0.0
12,3000-3200,95+,0,0,0,0,0,0,0,0,0,0,,,,,0.0,0.0,0.0,0.0,0.0,0.0,0.0
12,3200+,70-75,0,0,0,0,0,0,0,0,0,0,,,,,0.0,0.0,0.0,0.0,0.0,0.0,0.0
12,3200+,75-80,0,0,0,0,0,0,0,0,0,0,,,,,0.0,0.0,0.0,0.0,0.0,0.0,0.0
12,3200+,80-85,0,0,0,0,0,0,0,0,0,0,,,,,0.0,0.0,0.0,0.0,0.0,0.0,0.0
12,3200+,85-90,0,0,0,0,0,0,0,0,0,0,,,,,0.0,0.0,0.0,0.0,0.0,0.0,0.0
12,3200+,90-95,0,0,0,0,0,0,0,0,0,0,,,,,0.0,0.0,0.0,0.0,0.0,0.0,0.0
12,3200+,95+,0,0,0,0,0,0,0,0,0,0,,,,,0.0,0.0,0.0,0.0,0.0,0.0,0.0
13,<1800,70-75,0,0,0,0,0,0,0,0,0,0,,,,,0.0,0.0,0.0,0.0,0.0,0.0,0.0
13,<1800,75-80,50,28,17,0,1,4,4,3,1,8,0.22205561538461538,78.425,1.0,56.0,60.7,0.0,12.5,50.0,50.0,37.5,12.5
13,<1800,80-85,1660,865,438,3,76,70,244,46,65,353,0.13500993201019895,79.05240793201133,-3.380281690140845,52.1,50.6,0.8,21.5,19.8,69.1,13.0,18.4
13,<1800,85-90,3539,1810,918,3,169,124,524,83,95,700,0.13788358522574204,79.75842857142857,-7.433048433048433,51.1,50.7,0.4,24.1,17.7,74.9,11.9,13.6
13,<1800,90-95,907,440,244,1,43,34,108,27,14,148,0.13955653172675903,81.47229729729729,-7.23489932885906,48.5,55.5,0.7,29.1,23.0,73.0,18.2,9.5
13,<1800,95+,25,12,6,0,0,0,5,0,0,5,0.086987875,77.9,-31.2,48.0,50.0,0.0,0.0,0.0,100.0,0.0,0.0
13,1800-2000,70-75,0,0,0,0,0,0,0,0,0,0,,,,,0.0,0.0,0.0,0.0,0.0,0.0,0.0
13,1800-2000,75-80,0,0,0,0,0,0,0,0,0,0,,,,,0.0,0.0,0.0,0.0,0.0,0.0,0.0
13,1800-2000,80-85,42,24,16,0,1,2,5,2,0,7,0.03266666666666667,70.71428571428571,-22.571428571428573,57.1,66.7,0.0,14.3,28.6,71.4,28.6,0.0
13,1800-2000,85-90,312,169,84,0,14,8,51,5,7,63,0.1269337142857143,78.88571428571429,-13.841269841269842,54.2,49.7,0.0,22.2,12.7,81.0,7.9,11.1
13,1800-2000,90-95,102,57,24,0,3,3,21,2,3,26,0.180516375,77.50384615384615,-11.153846153846153,55.9,42.1,0.0,11.5,11.5,80.8,7.7,11.5
13,1800-2000,95+,9,4,3,0,0,0,0,0,0,0,0.0,,,44.4,75.0,0.0,0.0,0.0,0.0,0.0,0.0
13,2000-2200,70-75,0,0,0,0,0,0,0,0,0,0,,,,,0.0,0.0,0.0,0.0,0.0,0.0,0.0
13,2000-2200,75-80,0,0,0,0,0,0,0,0,0,0,,,,,0.0,0.0,0.0,0.0,0.0,0.0,0.0
13,2000-2200,80-85,2,1,0,0,0,0,0,0,0,0,,,,50.0,0.0,0.0,0.0,0.0,0.0,0.0,0.0
13,2000-2200,85-90,56,31,17,1,7,3,10,2,2,14,0.14826666666666669,91.68571428571428,-6.714285714285714,55.4,54.8,7.1,50.0,21.4,71.4,14.3,14.3
13,2000-2200,90-95,15,4,2,0,0,0,2,0,0,2,0.0,81.25,-25.5,26.7,50.0,0.0,0.0,0.0,100.0,0.0,0.0
13,2000-2200,95+,0,0,0,0,0,0,0,0,0,0,,,,,0.0,0.0,0.0,0.0,0.0,0.0,0.0
13,2200-2400,70-75,0,0,0,0,0,0,0,0,0,0,,,,,0.0,0.0,0.0,0.0,0.0,0.0,0.0
13,2200-2400,75-80,0,0,0,0,0,0,0,0,0,0,,,,,0.0,0.0,0.0,0.0,0.0,0.0,0.0
13,2200-2400,80-85,1,1,1,0,0,0,0,0,0,0,,,,100.0,100.0,0.0,0.0,0.0,0.0,0.0,0.0
13,2200-2400,85-90,5,1,1,0,0,0,0,0,0,0,0.0,,,20.0,100.0,0.0,0.0,0.0,0.0,0.0,0.0
13,2200-2400,90-95,3,1,0,0,0,0,1,0,0,1,,80.5,-23.0,33.3,0.0,0.0,0.0,0.0,100.0,0.0,0.0
13,2200-2400,95+,0,0,0,0,0,0,0,0,0,0,,,,,0.0,0.0,0.0,0.0,0.0,0.0,0.0
13,2400-2600,70-75,0,0,0,0,0,0,0,0,0,0,,,,,0.0,0.0,0.0,0.0,0.0,0.0,0.0
13,2400-2600,75-80,0,0,0,0,0,0,0,0,0,0,,,,,0.0,0.0,0.0,0.0,0.0,0.0,0.0
13,2400-2600,80-85,0,0,0,0,0,0,0,0,0,0,,,,,0.0,0.0,0.0,0.0,0.0,0.0,0.0
13,2400-2600,85-90,2,1,1,0,0,0,0,0,0,0,,,,50.0,100.0,0.0,0.0,0.0,0.0,0.0,0.0
13,2400-2600,90-95,2,0,0,0,0,0,0,0,0,0,,,,0.0,0.0,0.0,0.0,0.0,0.0,0.0,0.0
13,2400-2600,95+,1,0,0,0,0,0,0,0,0,0,,,,0.0,0.0,0.0,0.0,0.0,0.0,0.0,0.0
13,2600-2800,70-75,0,0,0,0,0,0,0,0,0,0,,,,,0.0,0.0,0.0,0.0,0.0,0.0,0.0
13,2600-2800,75-80,0,0,0,0,0,0,0,0,0,0,,,,,0.0,0.0,0.0,0.0,0.0,0.0,0.0
13,2600-2800,80-85,0,0,0,0,0,0,0,0,0,0,,,,,0.0,0.0,0.0,0.0,0.0,0.0,0.0
13,2600-2800,85-90,1,1,1,0,0,0,0,0,0,0,0.0,,,100.0,100.0,0.0,0.0,0.0,0.0,0.0,0.0
13,2600-2800,90-95,1,1,1,0,0,0,0,0,0,0,0.0,,,100.0,100.0,0.0,0.0,0.0,0.0,0.0,0.0
13,2600-2800,95+,1,1,1,0,0,0,0,0,0,0,,,,100.0,100.0,0.0,0.0,0.0,0.0,0.0,0.0
13,2800-3000,70-75,0,0,0,0,0,0,0,0,0,0,,,,,0.0,0.0,0.0,0.0,0.0,0.0,0.0
13,2800-3000,75-80,0,0,0,0,0,0,0,0,0,0,,,,,0.0,0.0,0.0,0.0,0.0,0.0,0.0
13,2800-3000,80-85,0,0,0,0,0,0,0,0,0,0,,,,,0.0,0.0,0.0,0.0,0.0,0.0,0.0
13,2800-3000,85-90,0,0,0,0,0,0,0,0,0,0,,,,,0.0,0.0,0.0,0.0,0.0,0.0,0.0
13,2800-3000,90-95,0,0,0,0,0,0,0,0,0,0,,,,,0.0,0.0,0.0,0.0,0.0,0.0,0.0
13,2800-3000,95+,0,0,0,0,0,0,0,0,0,0,,,,,0.0,0.0,0.0,0.0,0.0,0.0,0.0
13,3000-3200,70-75,0,0,0,0,0,0,0,0,0,0,,,,,0.0,0.0,0.0,0.0,0.0,0.0,0.0
13,3000-3200,75-80,0,0,0,0,0,0,0,0,0,0,,,,,0.0,0.0,0.0,0.0,0.0,0.0,0.0
13,3000-3200,80-85,1,0,0,0,0,0,0,0,0,0,,,,0.0,0.0,0.0,0.0,0.0,0.0,0.0,0.0
13,3000-3200,85-90,0,0,0,0,0,0,0,0,0,0,,,,,0.0,0.0,0.0,0.0,0.0,0.0,0.0
13,3000-3200,90-95,0,0,0,0,0,0,0,0,0,0,,,,,0.0,0.0,0.0,0.0,0.0,0.0,0.0
13,3000-3200,95+,0,0,0,0,0,0,0,0,0,0,,,,,0.0,0.0,0.0,0.0,0.0,0.0,0.0
13,3200+,70-75,0,0,0,0,0,0,0,0,0,0,,,,,0.0,0.0,0.0,0.0,0.0,0.0,0.0
13,3200+,75-80,0,0,0,0,0,0,0,0,0,0,,,,,0.0,0.0,0.0,0.0,0.0,0.0,0.0
13,3200+,80-85,1,1,1,0,0,0,0,0,0,0,,,,100.0,100.0,0.0,0.0,0.0,0.0,0.0,0.0
13,3200+,85-90,0,0,0,0,0,0,0,0,0,0,,,,,0.0,0.0,0.0,0.0,0.0,0.0,0.0
13,3200+,90-95,0,0,0,0,0,0,0,0,0,0,,,,,0.0,0.0,0.0,0.0,0.0,0.0,0.0
13,3200+,95+,0,0,0,0,0,0,0,0,0,0,,,,,0.0,0.0,0.0,0.0,0.0,0.0,0.0
14,<1800,70-75,0,0,0,0,0,0,0,0,0,0,,,,,0.0,0.0,0.0,0.0,0.0,0.0,0.0
14,<1800,75-80,91,38,29,0,1,5,3,5,1,9,0.21218592307692308,70.51111111111112,8.0,41.8,76.3,0.0,11.1,55.6,33.3,55.6,11.1
14,<1800,80-85,2673,954,675,0,12,53,169,42,36,247,0.12987956145169968,69.25344129554655,-9.23076923076923,35.7,70.8,0.0,4.9,21.5,68.4,17.0,14.6
14,<1800,85-90,4240,1331,859,1,32,63,291,38,58,385,0.15779582440373316,71.28727272727272,-11.48062015503876,31.4,64.5,0.3,8.3,16.4,75.6,9.9,15.1
14,<1800,90-95,854,249,154,0,6,12,57,11,7,75,0.14861581132075471,69.91866666666667,-17.28,29.2,61.8,0.0,8.0,16.0,76.0,14.7,9.3
14,<1800,95+,18,3,3,0,0,0,0,0,0,0,0.3479515,,,16.7,100.0,0.0,0.0,0.0,0.0,0.0,0.0
14,1800-2000,70-75,0,0,0,0,0,0,0,0,0,0,,,,,0.0,0.0,0.0,0.0,0.0,0.0,0.0
14,1800-2000,75-80,0,0,0,0,0,0,0,0,0,0,,,,,0.0,0.0,0.0,0.0,0.0,0.0,0.0
14,1800-2000,80-85,84,22,17,0,0,0,2,0,0,2,0.18039569230769234,58.5,-46.5,26.2,77.3,0.0,0.0,0.0,100.0,0.0,0.0
14,1800-2000,85-90,475,94,62,0,4,2,25,2,1,28,0.23976135820895522,72.46428571428571,-22.392857142857142,19.8,66.0,0.0,14.3,7.1,89.3,7.1,3.6
14,1800-2000,90-95,127,31,21,0,1,0,7,0,1,8,0.167684875,81.7375,-16.25,24.4,67.7,0.0,12.5,0.0,87.5,0.0,12.5
14,1800-2000,95+,7,0,0,0,0,0,0,0,0,0,0.695903,,,0.0,0.0,0.0,0.0,0.0,0.0,0.0,0.0
14,2000-2200,70-75,0,0,0,0,0,0,0,0,0,0,,,,,0.0,0.0,0.0,0.0,0.0,0.0,0.0
14,2000-2200,75-80,0,0,0,0,0,0,0,0,0,0,,,,,0.0,0.0,0.0,0.0,0.0,0.0,0.0
14,2000-2200,80-85,13,2,2,0,0,0,0,0,0,0,0.691717,,,15.4,100.0,0.0,0.0,0.0,0.0,0.0,0.0
14,2000-2200,85-90,136,23,12,0,0,2,4,0,3,7,0.24992722222222222,66.25714285714285,6.428571428571429,16.9,52.2,0.0,0.0,28.6,57.1,0.0,42.9
14,2000-2200,90-95,20,3,3,0,0,0,0,0,0,0,0.0,,,15.0,100.0,0.0,0.0,0.0,0.0,0.0,0.0
14,2000-2200,95+,2,0,0,0,0,0,0,0,0,0,,,,0.0,0.0,0.0,0.0,0.0,0.0,0.0,0.0
14,2200-2400,70-75,0,0,0,0,0,0,0,0,0,0,,,,,0.0,0.0,0.0,0.0,0.0,0.0,0.0
14,2200-2400,75-80,1,0,0,0,0,0,0,0,0,0,,,,0.0,0.0,0.0,0.0,0.0,0.0,0.0,0.0
14,2200-2400,80-85,15,5,2,0,0,0,2,0,1,3,0.21375,64.73333333333333,2.0,33.3,40.0,0.0,0.0,0.0,66.7,0.0,33.3
14,2200-2400,85-90,17,4,3,0,0,0,1,0,0,1,0.0,58.4,-42.0,23.5,75.0,0.0,0.0,0.0,100.0,0.0,0.0
14,2200-2400,90-95,6,0,0,0,0,0,0,0,0,0,,,,0.0,0.0,0.0,0.0,0.0,0.0,0.0,0.0
14,2200-2400,95+,0,0,0,0,0,0,0,0,0,0,,,,,0.0,0.0,0.0,0.0,0.0,0.0,0.0
14,2400-2600,70-75,0,0,0,0,0,0,0,0,0,0,,,,,0.0,0.0,0.0,0.0,0.0,0.0,0.0
14,2400-2600,75-80,0,0,0,0,0,0,0,0,0,0,,,,,0.0,0.0,0.0,0.0,0.0,0.0,0.0
14,2400-2600,80-85,2,2,1,0,0,1,0,1,0,1,0.3,72.6,10.0,100.0,50.0,0.0,0.0,100.0,0.0,100.0,0.0
14,2400-2600,85-90,6,0,0,0,0,0,0,0,0,0,,,,0.0,0.0,0.0,0.0,0.0,0.0,0.0,0.0
14,2400-2600,90-95,3,0,0,0,0,0,0,0,0,0,,,,0.0,0.0,0.0,0.0,0.0,0.0,0.0,0.0
14,2400-2600,95+,0,0,0,0,0,0,0,0,0,0,,,,,0.0,0.0,0.0,0.0,0.0,0.0,0.0
14,2600-2800,70-75,0,0,0,0,0,0,0,0,0,0,,,,,0.0,0.0,0.0,0.0,0.0,0.0,0.0
14,2600-2800,75-80,0,0,0,0,0,0,0,0,0,0,,,,,0.0,0.0,0.0,0.0,0.0,0.0,0.0
14,2600-2800,80-85,1,1,1,0,0,0,0,0,0,0,,,,100.0,100.0,0.0,0.0,0.0,0.0,0.0,0.0
14,2600-2800,85-90,0,0,0,0,0,0,0,0,0,0,,,,,0.0,0.0,0.0,0.0,0.0,0.0,0.0
14,2600-2800,90-95,1,0,0,0,0,0,0,0,0,0,,,,0.0,0.0,0.0,0.0,0.0,0.0,0.0,0.0
14,2600-2800,95+,1,1,0,0,0,0,1,0,0,1,,77.1,-24.0,100.0,0.0,0.0,0.0,0.0,100.0,0.0,0.0
14,2800-3000,70-75,0,0,0,0,0,0,0,0,0,0,,,,,0.0,0.0,0.0,0.0,0.0,0.0,0.0
14,2800-3000,75-80,0,0,0,0,0,0,0,0,0,0,,,,,0.0,0.0,0.0,0.0,0.0,0.0,0.0
14,2800-3000,80-85,1,1,0,0,0,0,1,0,0,1,,45.1,-31.0,100.0,0.0,0.0,0.0,0.0,100.0,0.0,0.0
14,2800-3000,85-90,0,0,0,0,0,0,0,0,0,0,,,,,0.0,0.0,0.0,0.0,0.0,0.0,0.0
14,2800-3000,90-95,0,0,0,0,0,0,0,0,0,0,,,,,0.0,0.0,0.0,0.0,0.0,0.0,0.0
14,2800-3000,95+,0,0,0,0,0,0,0,0,0,0,,,,,0.0,0.0,0.0,0.0,0.0,0.0,0.0
14,3000-3200,70-75,0,0,0,0,0,0,0,0,0,0,,,,,0.0,0.0,0.0,0.0,0.0,0.0,0.0
14,3000-3200,75-80,0,0,0,0,0,0,0,0,0,0,,,,,0.0,0.0,0.0,0.0,0.0,0.0,0.0
14,3000-3200,80-85,0,0,0,0,0,0,0,0,0,0,,,,,0.0,0.0,0.0,0.0,0.0,0.0,0.0
14,3000-3200,85-90,0,0,0,0,0,0,0,0,0,0,,,,,0.0,0.0,0.0,0.0,0.0,0.0,0.0
14,3000-3200,90-95,0,0,0,0,0,0,0,0,0,0,,,,,0.0,0.0,0.0,0.0,0.0,0.0,0.0
14,3000-3200,95+,0,0,0,0,0,0,0,0,0,0,,,,,0.0,0.0,0.0,0.0,0.0,0.0,0.0
14,3200+,70-75,0,0,0,0,0,0,0,0,0,0,,,,,0.0,0.0,0.0,0.0,0.0,0.0,0.0
14,3200+,75-80,0,0,0,0,0,0,0,0,0,0,,,,,0.0,0.0,0.0,0.0,0.0,0.0,0.0
14,3200+,80-85,1,0,0,0,0,0,0,0,0,0,0.691717,,,0.0,0.0,0.0,0.0,0.0,0.0,0.0,0.0
14,3200+,85-90,0,0,0,0,0,0,0,0,0,0,,,,,0.0,0.0,0.0,0.0,0.0,0.0,0.0
14,3200+,90-95,0,0,0,0,0,0,0,0,0,0,,,,,0.0,0.0,0.0,0.0,0.0,0.0,0.0
14,3200+,95+,0,0,0,0,0,0,0,0,0,0,,,,,0.0,0.0,0.0,0.0,0.0,0.0,0.0
